Country,Location,Season Code,Season Start Date,Season End Date,Lodging,Meals & Incidentals,Per Diem,Effective Date,Footnote Reference,Location Code
AFGHANISTAN,[Other],S1,1-Jan,31-Dec,0,15,15,1-Aug-03,"19,2",11804
AFGHANISTAN,Kabul,S1,1-Jan,31-Dec,0,78,78,1-Nov-19,"19,2",10323
ALBANIA,[Other],S1,1-Jan,31-Dec,67,84,151,1-Aug-24,,11908
ALBANIA,Tirana,S1,1-Jan,31-Dec,211,112,323,1-Aug-24,,10104
ALGERIA,[Other],S1,1-Jan,31-Dec,192,112,304,1-Jan-15,2,11805
ALGERIA,Algiers,S1,1-Jan,31-Dec,203,113,316,1-Mar-23,,10324
ANDORRA,Andorra,S1,1-Jan,31-Dec,209,123,332,1-Jan-08,,11079
ANGOLA,[Other],S1,1-Jan,31-Dec,336,199,535,1-Jan-23,,11822
ANGOLA,Luanda,S1,1-Jan,31-Dec,336,199,535,1-Jan-23,,10373
ANGUILLA,The Valley,S1,1-Jan,31-Dec,244,130,374,1-Feb-20,,91116
ANTARCTICA,Antarctica Region Posts,S1,1-Jan,31-Dec,0,1,1,1-Jun-10,,19942
ANTIGUA AND BARBUDA,[Other],S1,16-Apr,14-Dec,37,18,55,1-May-08,,11984
ANTIGUA AND BARBUDA,[Other],S2,15-Dec,15-Apr,50,19,69,1-May-08,,11984
ANTIGUA AND BARBUDA,Antigua and Barbuda,S1,1-Jan,1-Jun,346,138,484,1-Apr-23,,11052
ANTIGUA AND BARBUDA,Antigua and Barbuda,S2,2-Jun,31-Dec,216,125,341,1-Apr-23,,11052
ARGENTINA,[Other],S1,1-Jan,31-Dec,236,120,356,1-Mar-23,,11737
ARGENTINA,Bariloche,S1,1-Jan,31-Dec,237,132,369,1-Mar-23,,12637
ARGENTINA,Buenos Aires,S1,1-Jan,31-Dec,266,126,392,1-Mar-23,,10016
ARGENTINA,Mendoza,S1,1-Jan,31-Dec,220,119,339,1-Mar-23,,19952
ARMENIA,[Other],S1,1-Jan,31-Dec,143,88,231,1-Dec-22,,11756
ARMENIA,Yerevan,S1,1-Jan,31-Dec,143,88,231,1-Dec-22,,10105
Aruba,[Other],S1,15-Jan,22-Apr,310,141,451,1-May-21,,91181
Aruba,[Other],S2,23-Apr,14-Jan,259,136,395,1-May-21,,91181
Aruba,Oranjestad,S1,15-Jan,22-Apr,310,141,451,1-Oct-19,,11024
Aruba,Oranjestad,S2,23-Apr,14-Jan,259,136,395,1-Oct-19,,11024
ASCENSION ISLAND,Ascension Island,S1,1-Jan,31-Dec,122,29,151,1-Nov-16,,11053
AUSTRALIA,[Other],S1,1-Jan,31-Dec,123,96,219,1-Aug-24,,11787
AUSTRALIA,Adelaide,S1,1-Jan,31-Dec,220,109,329,1-Aug-24,,10244
AUSTRALIA,Bendigo,S1,1-Jan,31-Dec,250,117,367,1-Aug-24,,19983
AUSTRALIA,Brisbane,S1,1-Jan,31-Dec,284,127,411,1-Aug-24,,10245
AUSTRALIA,Broome,S1,1-Jan,31-Dec,280,122,402,1-Aug-24,,15035
AUSTRALIA,Cairns,S1,1-Jan,31-Dec,123,96,219,1-Aug-24,,12583
AUSTRALIA,Canberra,S1,1-Jan,31-Dec,193,109,302,1-Aug-24,,10243
AUSTRALIA,"Darwin,  Northern Territory",S1,1-Jan,31-Dec,194,117,311,1-Aug-24,,12342
AUSTRALIA,Exmouth,S1,1-Jan,31-Dec,159,109,268,1-Aug-24,,15065
AUSTRALIA,Fremantle,S1,1-Jan,31-Dec,171,101,272,1-Aug-24,,13319
AUSTRALIA,Hobart,S1,1-Jan,31-Dec,152,125,277,1-Aug-24,,12372
AUSTRALIA,Melbourne,S1,1-Jan,31-Dec,251,108,359,1-Aug-24,,10246
AUSTRALIA,Perth,S1,1-Jan,31-Dec,195,129,324,1-Aug-24,,10247
AUSTRALIA,"Richmond, NSW",S1,1-Jan,31-Dec,138,101,239,1-Aug-24,,13553
AUSTRALIA,Sydney,S1,1-Jan,31-Dec,295,116,411,1-Aug-24,,10248
AUSTRIA,[Other],S1,1-Jan,31-Dec,213,121,334,1-Feb-24,,11757
AUSTRIA,Graz,S1,1-Jan,31-Dec,247,115,362,1-Feb-24,,11985
AUSTRIA,Innsbruck,S1,1-Jan,31-Dec,213,121,334,1-Feb-24,,11082
AUSTRIA,Linz,S1,1-Jan,31-Dec,180,142,322,1-Feb-24,,11410
AUSTRIA,Salzburg,S1,1-Jan,31-Dec,253,111,364,1-Feb-24,,10107
AUSTRIA,Vienna,S1,1-Jan,31-Dec,315,141,456,1-Feb-24,,10106
AZERBAIJAN,[Other],S1,1-Jan,31-Dec,98,81,179,1-Sep-14,124,11758
AZERBAIJAN,Baku,S1,1-Jan,31-Dec,158,145,303,1-Feb-24,124,10109
AZERBAIJAN,Ganja,S1,1-Jan,31-Dec,125,90,215,1-Sep-14,124,19944
AZERBAIJAN,Qabala,S1,1-Jan,31-Dec,128,84,212,1-Sep-14,124,15045
"Bahamas, The",[Other],S1,1-Jan,31-Dec,176,132,308,1-Jul-17,10,11891
"Bahamas, The",Andros Island,S1,1-Jan,31-Dec,159,107,266,1-Aug-15,10,11000
"Bahamas, The",Eleuthera Island,S1,17-Apr,14-Nov,213,143,356,1-Sep-15,10,11001
"Bahamas, The",Eleuthera Island,S2,15-Nov,16-Apr,276,150,426,1-Sep-15,10,11001
"Bahamas, The",Grand Bahama Island,S1,1-Jan,31-Dec,187,126,313,1-May-15,10,11002
"Bahamas, The",Nassau,S1,1-Jan,31-Dec,318,159,477,1-Mar-15,10,10017
BAHRAIN,Bahrain,S1,1-Jan,31-Dec,251,126,377,1-May-22,,11054
BAHRAIN,MANAMA,S1,1-Jan,31-Dec,251,126,377,1-May-22,,91120
BANGLADESH,[Other],S1,1-Jan,31-Dec,143,102,245,1-May-20,,11807
BANGLADESH,Chittagong,S1,1-Jan,31-Dec,150,96,246,1-Apr-20,,11986
BANGLADESH,Dhaka,S1,1-Jan,31-Dec,240,95,335,1-Jul-24,,10327
BANGLADESH,Sylhet,S1,1-Jan,31-Dec,177,104,281,1-May-20,,15021
BARBADOS,Barbados,S1,1-May,14-Nov,210,167,377,1-Apr-23,,11055
BARBADOS,Barbados,S2,15-Nov,30-Apr,321,178,499,1-Apr-23,,11055
BELARUS,[Other],S1,1-Jan,31-Dec,155,114,269,1-Feb-24,,11904
BELARUS,Minsk,S1,1-Jan,31-Dec,155,114,269,1-Feb-24,,10822
BELGIUM,[Other],S1,1-Jan,31-Dec,208,123,331,1-Jul-24,,11760
BELGIUM,Antwerp,S1,1-Jan,31-Dec,306,157,463,1-Feb-23,,10112
BELGIUM,Bruges,S1,1-Jan,31-Dec,212,147,359,1-Apr-24,12,12125
BELGIUM,Brussels,S1,1-Jan,31-Dec,330,166,496,1-Feb-24,,10111
BELGIUM,Diegem,S1,1-Jan,31-Dec,330,166,496,1-Feb-24,,11087
BELGIUM,Gent,S1,1-Jan,31-Dec,315,162,477,1-Aug-23,,11088
BELGIUM,Kleine Brogel,S1,1-Jan,31-Dec,110,77,187,1-Feb-24,,10819
BELGIUM,Liege,S1,1-Jan,31-Dec,135,73,208,1-Feb-24,,11091
BELGIUM,Mons,S1,1-Jan,31-Dec,181,110,291,1-Feb-23,,10481
BELGIUM,SHAPE/Chievres,S1,1-Jan,31-Dec,181,110,291,1-Feb-23,,10820
BELGIUM,Zaventem,S1,1-Jan,31-Dec,330,166,496,1-Feb-24,,11093
BELIZE,[Other],S1,1-Jan,31-Dec,109,77,186,1-Nov-22,,11742
BELIZE,Belize City,S1,1-Jan,31-Dec,156,121,277,1-Nov-22,,10049
BELIZE,Belmopan,S1,1-Jan,31-Dec,153,91,244,1-Nov-22,,13643
BELIZE,Caye Caulker,S1,1-Jan,31-Dec,169,115,284,1-Nov-22,,15072
BELIZE,Hopkins,S1,1-Jan,31-Dec,217,114,331,1-Nov-22,,15073
BELIZE,Placencia,S1,1-Jan,31-Dec,223,113,336,1-Nov-22,,15075
BELIZE,San Ignacio Town,S1,1-Jan,31-Dec,169,107,276,1-Nov-22,,15076
BELIZE,San Pedro,S1,1-Jan,31-Dec,245,125,370,1-Nov-22,,15018
BENIN,[Other],S1,1-Jan,31-Dec,80,67,147,1-May-08,,11831
BENIN,Cotonou,S1,1-Jan,31-Dec,122,86,208,1-Feb-23,,10386
BERMUDA,Bermuda,S1,1-Apr,30-Nov,500,208,708,1-Aug-23,,11963
BERMUDA,Bermuda,S2,1-Dec,31-Mar,385,197,582,1-Aug-23,,11963
BHUTAN,Bhutan,S1,1-Jan,31-Dec,280,112,392,1-Dec-10,,11094
BOLIVIA,[Other],S1,1-Jan,31-Dec,77,53,130,1-May-16,,11738
BOLIVIA,Cochabamba,S1,1-Jan,31-Dec,100,49,149,1-May-23,,10019
BOLIVIA,La Paz,S1,1-Jan,31-Dec,140,98,238,1-May-23,,10018
BOLIVIA,Potosi,S1,1-Jan,31-Dec,89,63,152,1-May-23,,12246
BOLIVIA,Santa Cruz,S1,1-Jan,31-Dec,133,98,231,1-May-23,,10435
BOLIVIA,Tarija,S1,1-Jan,31-Dec,85,67,152,1-May-23,,11003
"Bonaire, Sint Eustatius, and Saba",Bonaire,S1,1-Jan,31-Dec,132,117,249,1-Mar-23,,11666
"Bonaire, Sint Eustatius, and Saba",Saba,S1,1-Jan,31-Dec,238,129,367,1-Mar-23,,12395
"Bonaire, Sint Eustatius, and Saba",Sint Eustatius,S1,1-Jan,31-Dec,239,110,349,1-Mar-23,,12393
Bosnia and Herzegovina,[Other],S1,1-Jan,31-Dec,115,105,220,1-Feb-23,,11915
Bosnia and Herzegovina,Sarajevo,S1,1-Jan,31-Dec,115,105,220,1-Feb-23,,11043
BOTSWANA,[Other],S1,1-Jan,31-Dec,105,61,166,1-Jun-23,,11824
BOTSWANA,Francistown,S1,1-Jan,31-Dec,113,60,173,1-Jun-23,,12578
BOTSWANA,Gaborone,S1,1-Jan,31-Dec,120,68,188,1-Jun-23,,10377
BOTSWANA,Kasane,S1,1-Jan,31-Dec,139,70,209,1-Jun-23,,12390
BOTSWANA,Maun,S1,1-Jan,31-Dec,120,61,181,1-Jun-23,,12579
BOTSWANA,Selebi Phikwe,S1,1-Jan,31-Dec,105,61,166,1-Jun-23,,10728
BOTSWANA,Serowe,S1,1-Jan,31-Dec,65,58,123,1-Jun-23,,12977
BRAZIL,[Other],S1,1-Jan,31-Dec,177,130,307,1-May-12,,12078
BRAZIL,Belem,S1,1-Jan,31-Dec,128,73,201,1-Jul-24,,11098
BRAZIL,Belo Horizonte,S1,1-Jan,31-Dec,168,99,267,1-Jul-24,,10023
BRAZIL,Brasilia,S1,1-Jan,31-Dec,192,100,292,1-Jul-24,,10022
BRAZIL,Fortaleza,S1,1-Jan,31-Dec,164,94,258,1-Jul-24,,11004
BRAZIL,Foz do Iguacu,S1,1-Jan,31-Dec,98,89,187,1-Jul-24,,11102
BRAZIL,Goiania,S1,1-Jan,31-Dec,194,131,325,1-May-12,,11103
BRAZIL,Manaus,S1,1-Jan,31-Dec,132,106,238,1-Jul-24,,11105
BRAZIL,Natal,S1,1-Jan,31-Dec,180,77,257,1-Jul-24,,11106
BRAZIL,Porto Alegre,S1,1-Jan,31-Dec,163,105,268,1-Jul-24,,10029
BRAZIL,Porto Velho,S1,1-Jan,31-Dec,66,38,104,1-Jul-24,,15062
BRAZIL,"Recife, Pernambuco",S1,1-Jan,31-Dec,172,80,252,1-Jul-24,,10030
BRAZIL,Rio de Janeiro,S1,1-Jan,31-Dec,250,120,370,1-Aug-24,,10031
BRAZIL,Salvador da Bahia,S1,1-Jan,31-Dec,242,118,360,1-Jul-24,,11108
BRAZIL,Sao Paulo,S1,1-Jan,31-Dec,278,123,401,1-Jul-24,30,10033
BRUNEI,[Other],S1,1-Jan,31-Dec,75,48,123,1-Mar-00,,11788
BRUNEI,Bandar Seri Begawan,S1,1-Jan,31-Dec,167,90,257,1-May-23,,10250
BRUNEI,Jerudong,S1,1-Jan,31-Dec,245,106,351,1-Mar-14,,19980
BULGARIA,[Other],S1,1-Jan,31-Dec,106,81,187,1-Sep-21,,11762
BULGARIA,Bourgas,S1,1-Jan,31-Dec,126,80,206,1-Jul-23,,12220
BULGARIA,Plovdiv,S1,1-Jan,31-Dec,119,87,206,1-Sep-21,,12216
BULGARIA,Sofia,S1,1-Jan,31-Dec,195,106,301,1-Jan-24,,10115
BULGARIA,Varna,S1,1-Jan,31-Dec,125,85,210,1-Feb-24,,12219
BURKINA FASO,[Other],S1,1-Jan,31-Dec,67,60,127,1-Feb-23,,11854
BURKINA FASO,Bobo Dioulasso,S1,1-Jan,31-Dec,67,60,127,1-Feb-23,,11116
BURKINA FASO,Ouagadougou,S1,1-Jan,31-Dec,201,98,299,1-Feb-24,,10432
BURMA,[Other],S1,1-Jan,31-Dec,150,93,243,1-Mar-17,,11789
BURMA,Naypyitaw,S1,1-Jan,31-Dec,110,106,216,1-Mar-17,,13519
BURMA,Rangoon,S1,1-Jan,31-Dec,180,107,287,1-Mar-17,,10251
BURUNDI,[Other],S1,1-Jan,31-Dec,163,88,251,1-Jul-23,2,11892
BURUNDI,Bujumbura,S1,1-Jan,31-Dec,163,88,251,1-Jul-23,2,10378
CABO VERDE,[Other],S1,1-Jan,31-Dec,106,72,178,1-Aug-24,,11826
CABO VERDE,Boa Vista Island,S1,1-Jan,31-Dec,154,59,213,1-Mar-23,,11680
CABO VERDE,Fogo,S1,1-Jan,31-Dec,82,70,152,1-Aug-24,,12283
CABO VERDE,Praia,S1,1-Jan,31-Dec,115,87,202,1-Mar-23,,10381
CABO VERDE,Sal Island,S1,1-Jan,31-Dec,174,124,298,1-Mar-23,,11681
CABO VERDE,Sao Tiago Island,S1,1-Jan,31-Dec,140,84,224,1-Aug-24,,11682
CABO VERDE,Sao Vicente Island,S1,1-Jan,31-Dec,116,98,214,1-Aug-24,,11683
CAMBODIA,[Other],S1,1-Jan,31-Dec,110,57,167,1-Apr-15,,11790
CAMBODIA,Phnom Penh,S1,1-Jan,31-Dec,182,82,264,1-Nov-22,,10253
CAMBODIA,Siem Reap,S1,1-Jan,31-Dec,187,79,266,1-Mar-23,,11117
CAMBODIA,Sihanoukville,S1,1-May,31-Aug,145,73,218,1-Jul-16,,13422
CAMBODIA,Sihanoukville,S2,1-Sep,30-Apr,180,76,256,1-Jul-16,,13422
CAMEROON,[Other],S1,1-Jan,31-Dec,144,58,202,1-Feb-23,2,11825
CAMEROON,Douala,S1,1-Jan,31-Dec,213,116,329,1-Feb-23,,10380
CAMEROON,Limbe,S1,1-Jan,31-Dec,151,68,219,1-Apr-24,,15055
CAMEROON,Yaounde,S1,1-Jan,31-Dec,203,117,320,1-Feb-23,,10379
CANADA,[Other],S1,1-Jan,31-Dec,167,120,287,1-Dec-23,74,11763
CANADA,Calgary,S1,1-Jan,31-Dec,214,128,342,1-Dec-23,74,10118
CANADA,Dartmouth,S1,1-Jan,31-Dec,319,146,465,1-Dec-23,74,10827
CANADA,Edmonton,S1,1-Jan,31-Dec,221,121,342,1-Dec-23,74,10492
CANADA,"Fort McMurray, Alberta",S1,1-Jan,31-Dec,210,92,302,1-Jan-08,74,13823
CANADA,Fredericton,S1,1-Jan,31-Dec,175,110,285,1-Dec-23,74,12195
CANADA,"Gander, Newfoundland",S1,1-Jan,31-Dec,142,133,275,1-Jun-24,74,12294
CANADA,Goose Bay,S1,1-Jan,31-Dec,155,106,261,1-Dec-23,74,91127
CANADA,Halifax,S1,1-Jan,31-Dec,319,146,465,1-Dec-23,74,10119
CANADA,Kelowna,S1,1-Jan,31-Dec,178,122,300,1-Dec-23,74,91128
CANADA,"London, Ontario",S1,1-Jan,31-Dec,201,121,322,1-Dec-23,74,10829
CANADA,Moncton,S1,1-Jan,31-Dec,141,108,249,1-Dec-23,74,12194
CANADA,Montreal,S1,1-Jan,31-Dec,171,113,284,1-Dec-23,"74,4",10120
CANADA,Nanoose Bay,S1,1-Jan,31-Dec,98,90,188,1-Dec-23,74,13883
CANADA,"Niagara Falls, Ontario",S1,1-Jan,31-Dec,208,129,337,1-Dec-23,74,91167
CANADA,Ottawa,S1,1-Jan,31-Dec,240,133,373,1-Dec-23,74,10117
CANADA,Prince Edward Island,S1,1-Jun,30-Sep,373,137,510,1-Aug-24,74,11121
CANADA,Prince Edward Island,S2,1-Oct,31-May,216,122,338,1-Aug-24,74,11121
CANADA,Quebec,S1,1-Jan,31-Dec,288,144,432,1-Dec-23,74,10121
CANADA,"Regina, Saskatchewan",S1,1-Jan,31-Dec,192,91,283,1-Jan-08,74,13822
CANADA,Richmond,S1,1-Jan,31-Dec,198,117,315,1-Dec-23,74,11122
CANADA,"Saskatoon, Saskatchewan",S1,1-Jan,31-Dec,188,90,278,1-Jan-08,74,12734
CANADA,Sidney,S1,1-Jan,31-Dec,134,97,231,1-Dec-23,74,11124
CANADA,"St. John's, Newfoundland",S1,1-Jan,31-Dec,201,148,349,1-Dec-23,74,11123
CANADA,Toronto,S1,1-Jan,31-Dec,325,141,466,1-Dec-23,"74,5",10122
CANADA,Vancouver,S1,16-Mar,30-Nov,335,163,498,1-Dec-23,74,10123
CANADA,Vancouver,S2,1-Dec,15-Mar,197,150,347,1-Dec-23,74,10123
CANADA,Victoria,S1,15-May,1-Oct,236,134,370,1-Sep-23,74,10832
CANADA,Victoria,S2,2-Oct,14-May,188,129,317,1-Sep-23,74,10832
CANADA,"Whistler, BC",S1,1-Jan,31-Dec,221,115,336,1-Dec-23,74,91140
CANADA,"Whitehorse, Yukon",S1,1-Jan,31-Dec,206,93,299,1-Dec-23,74,91129
CANADA,Winnipeg,S1,1-Jan,31-Dec,237,145,382,1-May-24,74,10124
CANADA,Yellowknife,S1,1-Jan,31-Dec,127,93,220,1-Dec-23,74,91130
CAYMAN ISLANDS,Cayman Islands,S1,17-Jul,14-Dec,307,119,426,1-Dec-15,,19016
CAYMAN ISLANDS,Cayman Islands,S2,15-Dec,16-Jul,588,147,735,1-Dec-15,,19016
CENTRAL AFRICAN REPUBLIC,[Other],S1,1-Jan,31-Dec,215,87,302,1-Apr-24,2,11827
CENTRAL AFRICAN REPUBLIC,Bangui,S1,1-Jan,31-Dec,215,87,302,1-Apr-24,2,10382
CHAD,[Other],S1,1-Jan,31-Dec,173,100,273,1-Oct-14,2,11828
CHAD,Ndjamena,S1,1-Jan,31-Dec,219,108,327,1-Apr-24,,10383
CHAGOS ARCHIPELAGO,Diego Garcia,S1,1-Jan,31-Dec,147,80,227,1-Nov-18,,11057
CHILE,[Other],S1,1-Jan,31-Dec,220,83,303,1-Jun-24,,11893
CHILE,Santiago,S1,1-Jan,31-Dec,226,90,316,1-Jun-24,,10035
CHINA,[Other],S1,1-Jan,31-Dec,130,102,232,1-Jul-23,,11791
CHINA,Beijing,S1,1-Jan,31-Dec,247,138,385,1-Jul-23,,10254
CHINA,Changchun,S1,1-Jan,31-Dec,167,100,267,1-Apr-13,,13481
CHINA,Chengdu,S1,1-Jan,31-Dec,180,123,303,1-Jul-23,,10258
CHINA,Chongqing,S1,1-Jan,31-Dec,119,99,218,1-Jul-23,,11127
CHINA,Dalian,S1,1-Jan,31-Dec,166,108,274,1-Apr-13,,11128
CHINA,Fuzhou,S1,1-Jan,31-Dec,169,117,286,1-Mar-24,,12239
CHINA,Guangzhou,S1,1-Jan,31-Dec,240,147,387,1-Mar-24,,10255
CHINA,Guilin,S1,1-Jan,31-Dec,165,92,257,1-Feb-24,,12911
CHINA,Haikou,S1,1-Jan,31-Dec,178,109,287,1-Feb-24,,12242
CHINA,Hangzhou,S1,1-Jan,31-Dec,169,124,293,1-Aug-15,,11129
CHINA,Harbin,S1,1-Jan,31-Dec,187,101,288,1-Apr-13,,12514
CHINA,Jinan,S1,1-Jan,31-Dec,169,114,283,1-Jul-23,,15031
CHINA,Lhasa,S1,1-Jan,31-Dec,210,111,321,1-Jan-18,,11998
CHINA,Lijiang,S1,1-Jan,31-Dec,153,133,286,1-Jul-15,,13361
CHINA,Nanjing,S1,1-Jan,31-Dec,125,70,195,1-Jul-23,,11130
CHINA,Nanning,S1,1-Jan,31-Dec,167,127,294,1-Mar-24,,12241
CHINA,Ningbo,S1,1-Jan,31-Dec,124,88,212,1-Jul-23,,13594
CHINA,Qingdao,S1,1-Jan,31-Dec,203,108,311,1-Jul-23,,12504
CHINA,Sanya,S1,1-Jan,31-Dec,219,128,347,1-Feb-24,,13406
CHINA,Shanghai,S1,1-Jan,31-Dec,375,160,535,1-Jan-24,,10256
CHINA,Shantou,S1,1-Jan,31-Dec,137,101,238,1-Feb-24,,11131
CHINA,Shenyang,S1,1-Jan,31-Dec,169,95,264,1-Jul-23,,10257
CHINA,Shenzhen,S1,1-Jan,31-Dec,230,142,372,1-Mar-24,,11132
CHINA,Suzhou,S1,1-Jan,31-Dec,136,98,234,1-Jul-23,,13475
CHINA,Tianjin,S1,1-Jan,31-Dec,201,114,315,1-May-23,,11133
CHINA,Urumqi,S1,1-Jan,31-Dec,146,79,225,1-Jul-23,,12560
CHINA,Wuhan,S1,1-Jan,31-Dec,130,102,232,1-Jul-23,,12509
CHINA,Xiamen,S1,1-Jan,31-Dec,203,118,321,1-Feb-24,,12243
CHINA,Xian,S1,1-Jan,31-Dec,196,123,319,1-Jul-23,,11134
CHINA,Zhuhai,S1,1-Jan,31-Dec,178,120,298,1-Feb-24,,12240
COCOS (KEELING) ISLANDS,Cocos Islands,S1,1-Jan,31-Dec,58,50,108,1-Mar-98,,11135
COLOMBIA,[Other],S1,1-Jan,31-Dec,130,81,211,1-Aug-24,2,11744
COLOMBIA,Barranquilla,S1,1-Jan,31-Dec,190,113,303,1-Aug-24,,10041
COLOMBIA,Bogota,S1,1-Jan,31-Dec,399,178,577,1-Aug-24,,10040
COLOMBIA,Bucaramanga,S1,1-Jan,31-Dec,210,131,341,1-Aug-24,2,13582
COLOMBIA,Buenaventura,S1,1-Jan,31-Dec,126,91,217,1-Aug-24,2,12484
COLOMBIA,Cali,S1,1-Jan,31-Dec,238,124,362,1-Aug-24,,10042
COLOMBIA,Cartagena,S1,1-Jan,31-Dec,381,163,544,1-Aug-24,,11136
COLOMBIA,Cucuta,S1,1-Jan,31-Dec,135,97,232,1-Aug-24,,91150
COLOMBIA,Medellin,S1,1-Jan,31-Dec,238,134,372,1-Aug-24,,12415
COLOMBIA,Pasto,S1,1-Jan,31-Dec,156,82,238,1-Aug-24,,91154
COLOMBIA,San Andres,S1,1-Jan,31-Dec,173,71,244,1-Sep-21,,11999
COLOMBIA,San Jose del Guaviare,S1,1-Jan,31-Dec,130,81,211,1-Aug-24,,91146
COLOMBIA,Santa Marta,S1,1-Jan,31-Dec,241,122,363,1-Aug-24,,12648
COLOMBIA,Tumaco,S1,1-Jan,31-Dec,105,82,187,1-Aug-24,,91145
COMOROS,[Other],S1,1-Jan,31-Dec,139,91,230,1-Apr-24,,11829
COMOROS,Moroni,S1,1-Jan,31-Dec,143,83,226,1-Apr-24,,10384
COOK ISLANDS,[Other],S1,1-Jan,31-Dec,219,108,327,1-Jan-24,,11917
COOK ISLANDS,Rarotonga,S1,1-Jan,31-Dec,219,108,327,1-Jan-24,,11044
COSTA RICA,[Other],S1,1-Jan,31-Dec,147,139,286,1-Apr-24,,11745
COSTA RICA,San Jose,S1,1-Jan,31-Dec,147,139,286,1-Apr-24,,10044
COTE D'IVOIRE,[Other],S1,1-Jan,31-Dec,80,76,156,1-Apr-12,,11839
COTE D'IVOIRE,Abidjan,S1,1-Jan,31-Dec,216,107,323,1-Feb-23,,10724
COTE D'IVOIRE,Yamoussoukro,S1,1-Jan,31-Dec,75,71,146,1-Feb-23,,11489
CROATIA,[Other],S1,1-Jan,31-Dec,171,97,268,1-Feb-24,,11912
CROATIA,Cavtat,S1,15-Apr,15-Oct,453,144,597,1-Jul-23,,13394
CROATIA,Cavtat,S2,16-Oct,14-Apr,313,130,443,1-Jul-23,,13394
CROATIA,Dubrovnik,S1,15-Apr,15-Oct,453,144,597,1-Jul-23,,12718
CROATIA,Dubrovnik,S2,16-Oct,14-Apr,313,130,443,1-Jul-23,,12718
CROATIA,Split,S1,1-Jul,30-Sep,412,134,546,1-Sep-22,,12719
CROATIA,Split,S2,1-Oct,30-Jun,282,121,403,1-Sep-22,,12719
CROATIA,Zagreb,S1,1-Jan,31-Dec,171,97,268,1-Feb-24,,10838
CUBA,[Other],S1,1-Jan,31-Dec,100,49,149,1-Feb-17,,11746
CUBA,Camaguey,S1,1-Jan,31-Dec,180,64,244,1-Feb-17,,19973
CUBA,Guantanamo Bay,S1,1-Jan,31-Dec,125,52,177,1-Mar-19,,10441
CUBA,Havana,S1,1-Jan,31-Dec,275,118,393,1-Jul-22,,10047
CUBA,Holguin,S1,1-Jan,31-Dec,100,49,149,1-Feb-17,,19975
CUBA,Matanzas,S1,1-Jan,31-Dec,110,47,157,1-Feb-17,,19970
CUBA,Santiago,S1,1-Jan,31-Dec,130,60,190,1-Feb-17,,13872
CUBA,Trinidad,S1,1-Jan,31-Dec,128,63,191,1-Feb-17,,19972
Curacao,Curacao,S1,1-Jan,31-Dec,362,137,499,1-Feb-23,,10088
CYPRUS,[Other],S1,1-Jan,31-Dec,183,101,284,1-Aug-24,,11764
CYPRUS,Akrotiri,S1,1-Jan,31-Dec,250,134,384,1-Apr-23,,13359
CYPRUS,Limassol,S1,1-Jan,31-Dec,250,134,384,1-Apr-23,,11139
CYPRUS,Nicosia,S1,1-Jan,31-Dec,210,96,306,1-Feb-23,,10126
CYPRUS,Paphos,S1,1-Jan,31-Dec,167,96,263,1-Aug-24,,13518
Czechia,[Other],S1,1-Jan,31-Dec,139,82,221,1-Oct-19,,11913
Czechia,Brno,S1,1-Jan,31-Dec,132,84,216,1-Oct-19,,13581
Czechia,Prague,S1,1-Jan,31-Dec,255,103,358,1-Mar-24,,10839
DEM. PEOPLE'S REPUBLIC OF KOREA,[Other],S1,1-Jan,31-Dec,113,63,176,1-Oct-18,,11952
DEM. PEOPLE'S REPUBLIC OF KOREA,Pyongyang,S1,1-Jan,31-Dec,168,69,237,1-Oct-18,,11730
DEMOCRATIC REPUBLIC OF THE CONGO,[Other],S1,1-Jan,31-Dec,139,107,246,1-Apr-24,2,11888
DEMOCRATIC REPUBLIC OF THE CONGO,Bukavu,S1,1-Jan,31-Dec,154,122,276,1-Apr-24,,10427
DEMOCRATIC REPUBLIC OF THE CONGO,Goma,S1,1-Jan,31-Dec,139,107,246,1-Apr-24,,11500
DEMOCRATIC REPUBLIC OF THE CONGO,Kinshasa,S1,1-Jan,31-Dec,240,152,392,1-Apr-24,,10424
DEMOCRATIC REPUBLIC OF THE CONGO,Lubumbashi,S1,1-Jan,31-Dec,158,147,305,1-Apr-24,,10425
DENMARK,[Other],S1,1-Jan,31-Dec,205,105,310,1-Apr-24,,11765
DENMARK,Aalborg,S1,1-Jan,31-Dec,194,110,304,1-Apr-24,,12505
DENMARK,Copenhagen,S1,1-Jan,31-Dec,288,131,419,1-Jan-24,,10129
DENMARK,Lyngby,S1,1-Jan,31-Dec,288,131,419,1-Jan-24,,13841
DENMARK,Odense,S1,1-Jan,31-Dec,202,116,318,1-Apr-24,,12507
DJIBOUTI,[Other],S1,1-Jan,31-Dec,85,98,183,1-Feb-23,,11821
DJIBOUTI,Djibouti City,S1,1-Jan,31-Dec,260,120,380,1-Feb-23,,11078
DOMINICA,Dominica,S1,1-Jan,31-Dec,316,135,451,1-Apr-23,,11140
DOMINICAN REPUBLIC,[Other],S1,1-Jan,31-Dec,192,93,285,1-Feb-24,,11747
DOMINICAN REPUBLIC,Santo Domingo,S1,1-Jan,31-Dec,257,103,360,1-May-24,,10054
DOMINICAN REPUBLIC,Sosua,S1,1-Jan,31-Dec,150,63,213,1-Jun-16,,11143
ECUADOR,[Other],S1,1-Jan,31-Dec,122,94,216,1-Aug-21,,11910
ECUADOR,Cuenca,S1,1-Jan,31-Dec,122,94,216,1-Aug-21,,12132
ECUADOR,Galapagos Islands,S1,1-Jan,31-Dec,300,136,436,1-Aug-21,,13928
ECUADOR,Guayaquil,S1,1-Jan,31-Dec,149,102,251,1-Aug-21,,10057
ECUADOR,Manta,S1,1-Jan,31-Dec,118,89,207,1-Jun-18,,12002
ECUADOR,Quito,S1,1-Jan,31-Dec,190,105,295,1-Jan-23,,10056
EGYPT,[Other],S1,1-Jan,31-Dec,165,70,235,1-Nov-19,2,11809
EGYPT,Alexandria,S1,1-Jan,31-Dec,175,95,270,1-Jan-20,2,10329
EGYPT,Aswan,S1,1-Apr,30-Sep,135,102,237,1-Nov-19,2,11145
EGYPT,Aswan,S2,1-Oct,31-Mar,165,105,270,1-Nov-19,2,11145
EGYPT,Cairo,S1,1-Jan,31-Dec,175,98,273,1-Apr-24,2,10328
EGYPT,Luxor,S1,1-Jan,31-Dec,150,79,229,1-Jan-17,2,11389
EGYPT,Sharm el Sheikh,S1,5-Jan,28-Sep,140,86,226,1-Sep-19,2,11395
EGYPT,Sharm el Sheikh,S2,29-Sep,4-Jan,160,88,248,1-Sep-19,2,11395
EL SALVADOR,[Other],S1,1-Jan,31-Dec,149,57,206,1-Jul-24,,11748
EL SALVADOR,San Salvador,S1,1-Jan,31-Dec,146,91,237,1-Jul-24,25,10058
EQUATORIAL GUINEA,[Other],S1,1-Jan,31-Dec,168,105,273,1-Apr-24,,11832
EQUATORIAL GUINEA,Bata,S1,1-Jan,31-Dec,122,95,217,1-Mar-24,,91132
EQUATORIAL GUINEA,Malabo,S1,1-Jan,31-Dec,168,105,273,1-Apr-24,,10387
ERITREA,[Other],S1,1-Jan,31-Dec,60,85,145,1-Jul-15,,11901
ERITREA,Asmara,S1,1-Jan,31-Dec,125,75,200,1-Aug-22,,10726
ERITREA,Keren,S1,1-Jan,31-Dec,60,85,145,1-Jul-15,,20010
ERITREA,Massawa,S1,1-Jan,31-Dec,90,83,173,1-Mar-15,,20001
ESTONIA,[Other],S1,1-Jun,30-Sep,217,109,326,1-Feb-24,,11856
ESTONIA,[Other],S2,1-Oct,31-May,155,102,257,1-Feb-24,,11856
ESTONIA,Tallinn,S1,1-Jan,31-Dec,185,110,295,1-Feb-24,,10130
ESWATINI,[Other],S1,1-Jan,31-Dec,31,21,52,1-Jul-24,79,11850
ESWATINI,Mbabane,S1,1-Jan,31-Dec,93,54,147,1-Jul-24,79,10419
ETHIOPIA,[Other],S1,1-Jan,31-Dec,96,61,157,1-May-15,,11833
ETHIOPIA,Addis Ababa,S1,1-Jan,31-Dec,250,134,384,1-Mar-23,,10388
Falkland Islands (Islas Malvinas),Falkland Islands,S1,1-Jan,31-Dec,96,70,166,1-Jan-24,,11161
FAROE ISLANDS,Faroe Islands,S1,1-Jan,31-Dec,220,94,314,1-Apr-24,,11162
FIJI,[Other],S1,1-Jan,31-Dec,219,113,332,1-May-23,,11792
FIJI,Korolevu,S1,1-Jan,31-Dec,65,73,138,1-Jan-23,,12262
FIJI,Nadi,S1,1-Jan,31-Dec,350,133,483,1-Aug-24,,11163
FIJI,Natadola,S1,1-Jan,31-Dec,565,159,724,1-Aug-24,,19991
FIJI,Sigatoka,S1,1-Jan,31-Dec,134,77,211,1-Jan-23,,11164
FIJI,Suva,S1,1-Jan,31-Dec,219,113,332,1-May-23,,10259
FINLAND,[Other],S1,1-Jan,31-Dec,239,115,354,1-Feb-24,,11766
FINLAND,Helsinki,S1,1-Jan,31-Dec,267,135,402,1-Feb-24,,10131
FRANCE,[Other],S1,1-Jan,31-Dec,205,124,329,1-Feb-24,123,11855
FRANCE,Bordeaux,S1,1-Jan,31-Dec,199,126,325,1-Feb-24,123,10138
FRANCE,Cannes,S1,1-May,30-Sep,460,156,616,1-Feb-24,123,11166
FRANCE,Cannes,S2,1-Oct,30-Apr,323,142,465,1-Feb-24,123,11166
FRANCE,Deauville,S1,1-Jan,31-Dec,317,121,438,1-Feb-24,123,12087
FRANCE,Lyon,S1,1-Jan,31-Dec,273,142,415,1-Feb-24,123,10139
FRANCE,Marseille,S1,1-Jan,31-Dec,330,144,474,1-Feb-24,123,10140
FRANCE,Montpellier,S1,1-Jan,31-Dec,196,155,351,1-Feb-24,123,10843
FRANCE,Nice,S1,1-Jan,31-Dec,210,131,341,1-Feb-24,123,11412
FRANCE,Paris,S1,1-Jan,31-Dec,476,161,637,1-Feb-24,"123,6",10137
FRANCE,Strasbourg,S1,1-Jan,31-Dec,330,153,483,1-Feb-24,123,10142
FRANCE,Toulouse,S1,1-Jan,31-Dec,220,122,342,1-Feb-24,123,11413
FRENCH GUIANA,French Guiana,S1,1-Jan,31-Dec,168,87,255,1-Feb-24,,11173
FRENCH POLYNESIA,French Polynesia,S1,1-Jan,31-Dec,266,155,421,1-Nov-07,,11174
GABON,[Other],S1,1-Jan,31-Dec,184,133,317,1-Feb-11,,11834
GABON,Libreville,S1,1-Jan,31-Dec,210,132,342,1-Apr-24,,10389
"Gambia, The",[Other],S1,1-Jan,31-Dec,35,32,67,1-Apr-06,,11835
"Gambia, The",Banjul,S1,1-Jan,31-Dec,143,66,209,1-May-24,,10390
GEORGIA,[Other],S1,1-Jan,31-Dec,72,63,135,1-Oct-07,,11767
GEORGIA,Ajara Region,S1,1-Jan,31-Dec,195,95,290,1-Dec-13,,13416
GEORGIA,Borjomi,S1,1-Jan,31-Dec,91,71,162,1-Nov-07,,13420
GEORGIA,Gudauri,S1,1-Apr,30-Nov,104,71,175,1-Oct-07,,13414
GEORGIA,Gudauri,S2,1-Dec,31-Mar,162,77,239,1-Oct-07,,13414
GEORGIA,Kutaisi,S1,1-Jan,31-Dec,85,76,161,1-Dec-13,,13417
GEORGIA,Tbilisi,S1,1-Jan,31-Dec,236,102,338,1-Aug-24,,10143
GERMANY,[Other],S1,1-Jan,31-Dec,209,124,333,1-Mar-23,,11857
GERMANY,Berlin,S1,1-Jan,31-Dec,247,133,380,1-May-23,,10145
GERMANY,Boeblingen,S1,1-Jan,31-Dec,220,126,346,1-Mar-23,,10898
GERMANY,Bonames,S1,1-Jan,31-Dec,222,115,337,1-Mar-23,,11182
GERMANY,Bonn,S1,1-Jan,31-Dec,209,124,333,1-Mar-23,,10144
GERMANY,Bremen,S1,1-Jan,31-Dec,215,121,336,1-May-23,,10856
GERMANY,Cologne,S1,1-Jan,31-Dec,265,119,384,1-May-23,,10152
GERMANY,Dresden,S1,1-Jan,31-Dec,220,123,343,1-May-23,,11186
GERMANY,Duesseldorf,S1,1-Jan,31-Dec,266,127,393,1-Mar-23,,10146
GERMANY,Echterdingen,S1,1-Jan,31-Dec,220,126,346,1-Mar-23,,11187
GERMANY,Erfurt,S1,1-Jan,31-Dec,219,120,339,1-May-23,,11188
GERMANY,Eschborn,S1,1-Jan,31-Dec,222,115,337,1-Mar-23,,11189
GERMANY,Esslingen,S1,1-Jan,31-Dec,220,126,346,1-Mar-23,,11415
GERMANY,Frankfurt am Main,S1,1-Jan,31-Dec,222,115,337,1-Mar-23,,10147
GERMANY,Garmisch-Partenkirchen,S1,1-Jan,31-Dec,197,111,308,1-Feb-24,,10867
GERMANY,Hamburg,S1,1-Jan,31-Dec,220,110,330,1-May-23,,10148
GERMANY,Hannover,S1,1-Jan,31-Dec,213,113,326,1-May-23,,10151
GERMANY,Heidelberg,S1,1-Jan,31-Dec,219,120,339,1-Mar-23,,10153
GERMANY,Herongen,S1,1-Jan,31-Dec,266,127,393,1-Mar-23,,10862
GERMANY,Hoechst,S1,1-Jan,31-Dec,222,115,337,1-Mar-23,,11423
GERMANY,Kalkar,S1,1-Jan,31-Dec,266,127,393,1-Mar-23,,10863
GERMANY,Koenigswinter,S1,1-Jan,31-Dec,209,124,333,1-Mar-23,,11427
GERMANY,Kornwestheim,S1,1-Jan,31-Dec,220,126,346,1-Mar-23,,11429
GERMANY,Leipzig,S1,1-Jan,31-Dec,263,121,384,1-May-23,,10623
GERMANY,Ludwigsburg,S1,1-Jan,31-Dec,220,126,346,1-Mar-23,,10899
GERMANY,Mainz,S1,1-Jan,31-Dec,209,131,340,1-Mar-23,,10901
GERMANY,Moenchen-Gladbach,S1,1-Jan,31-Dec,266,127,393,1-Mar-23,,10861
GERMANY,Munich,S1,1-Jan,31-Dec,240,126,366,1-Feb-24,,10149
GERMANY,Nellingen,S1,1-Jan,31-Dec,220,126,346,1-Mar-23,,10900
GERMANY,Oberammergau,S1,1-Jan,31-Dec,197,111,308,1-Feb-24,,10523
GERMANY,Offenbach,S1,1-Jan,31-Dec,222,115,337,1-Mar-23,,11434
GERMANY,Roedelheim,S1,1-Jan,31-Dec,222,115,337,1-Mar-23,,11439
GERMANY,Sindelfingen,S1,1-Jan,31-Dec,220,126,346,1-Mar-23,,11447
GERMANY,Stuttgart,S1,1-Jan,31-Dec,220,126,346,1-Mar-23,,10150
GERMANY,Tuebingen,S1,1-Jan,31-Dec,220,126,346,1-Mar-23,,11451
GERMANY,Twisteden,S1,1-Jan,31-Dec,266,127,393,1-Mar-23,,10864
GERMANY,Wiesbaden,S1,1-Jan,31-Dec,225,121,346,1-Mar-23,,10540
GHANA,[Other],S1,1-Jan,31-Dec,120,56,176,1-Feb-23,,11836
GHANA,Accra,S1,1-Jan,31-Dec,232,79,311,1-Feb-23,,10391
GIBRALTAR,Gibraltar,S1,1-Jan,31-Dec,205,111,316,1-Jan-24,,11225
GREECE,[Other],S1,1-Jan,31-Dec,165,117,282,1-Aug-24,,11894
GREECE,Athens,S1,1-May,31-Oct,315,134,449,1-Apr-24,,10133
GREECE,Athens,S2,1-Nov,30-Apr,211,123,334,1-Apr-24,,10133
GREECE,Iraklion (Crete),S1,1-Jan,31-Dec,165,117,282,1-Aug-24,,10916
GREENLAND,[Other],S1,1-Jan,31-Dec,207,103,310,1-Apr-24,,13409
GREENLAND,Ilulissat,S1,1-Jan,31-Dec,220,117,337,1-Apr-24,,13650
GREENLAND,Kangerlussuaq,S1,1-Jan,31-Dec,190,105,295,1-Apr-24,,13602
GREENLAND,Nuuk,S1,1-Jan,31-Dec,340,130,470,1-Oct-23,,11058
GREENLAND,Thule,S1,1-Jan,31-Dec,210,68,278,1-Sep-07,,13408
GRENADA,Grenada,S1,1-Jan,31-Dec,300,142,442,1-Apr-23,,11059
GUADELOUPE,[Other],S1,1-Jan,31-Dec,77,80,157,1-Oct-93,8,11939
GUADELOUPE,Saint Martin (French Part),S1,1-Jan,31-Dec,124,100,224,1-Feb-20,8,11226
GUATEMALA,[Other],S1,1-Jan,31-Dec,106,76,182,1-Jul-07,,11858
GUATEMALA,Guatemala City,S1,1-Jan,31-Dec,144,94,238,1-Jan-23,,10062
GUINEA,[Other],S1,1-Jan,31-Dec,94,53,147,1-Apr-24,,11838
GUINEA,Conakry,S1,1-Jan,31-Dec,224,94,318,1-Jun-22,,10393
GUINEA-BISSAU,[Other],S1,1-Jan,31-Dec,73,44,117,1-Apr-14,,11837
GUINEA-BISSAU,Bissau,S1,1-Jan,31-Dec,154,82,236,1-Jun-24,,10394
GUYANA,[Other],S1,1-Jan,31-Dec,198,119,317,1-Sep-22,,11741
GUYANA,Georgetown,S1,1-Jan,31-Dec,198,119,317,1-Sep-22,,10051
HAITI,[Other],S1,1-Jan,31-Dec,140,40,180,1-May-13,2,11750
HAITI,Cap Haitien,S1,1-Jan,31-Dec,150,91,241,1-May-13,2,12688
HAITI,Jacmel,S1,1-Jan,31-Dec,98,75,173,1-May-13,2,12692
HAITI,Montrouis,S1,1-Jan,31-Dec,133,106,239,1-Feb-11,2,12694
HAITI,Petionville,S1,1-Jan,31-Dec,155,111,266,1-Feb-13,2,11018
HAITI,Port-au-Prince,S1,1-Jan,31-Dec,155,98,253,1-Feb-23,2,10064
HOLY SEE,Holy See,S1,1-Jan,31-Dec,451,165,616,1-Mar-24,,11060
HONDURAS,[Other],S1,1-Jan,31-Dec,130,80,210,1-Jan-16,,11859
HONDURAS,Bay Islands,S1,1-Jan,31-Dec,198,99,297,1-Oct-19,,11227
HONDURAS,La Ceiba,S1,1-Jan,31-Dec,138,85,223,1-Jan-16,,11228
HONDURAS,San Pedro Sula,S1,1-Jan,31-Dec,187,98,285,1-Jan-16,,10066
HONDURAS,Tegucigalpa,S1,1-Jan,31-Dec,187,91,278,1-Nov-21,,10065
HONDURAS,Tela,S1,1-Jan,31-Dec,125,86,211,1-Jan-16,,11231
HONG KONG,Hong Kong,S1,1-Jan,31-Dec,355,180,535,1-Mar-15,,10261
HUNGARY,[Other],S1,1-Jan,31-Dec,138,68,206,1-Mar-24,,11768
HUNGARY,Budapest,S1,1-Jan,31-Dec,280,95,375,1-Feb-24,,10158
HUNGARY,Papa,S1,1-Jan,31-Dec,138,68,206,1-Mar-24,,13846
ICELAND,[Other],S1,1-Jan,31-Dec,232,161,393,1-Apr-24,,11860
ICELAND,Akureyri,S1,1-Jan,31-Dec,232,161,393,1-Apr-24,,13942
ICELAND,Egilsstadir,S1,1-Jan,31-Dec,232,161,393,1-Apr-24,,13944
ICELAND,Reykjavik,S1,1-Jun,30-Sep,507,187,694,1-Dec-23,,10160
ICELAND,Reykjavik,S2,1-Oct,31-May,306,167,473,1-Dec-23,,10160
INDIA,[Other],S1,1-Jan,31-Dec,196,92,288,1-Jul-18,,11810
INDIA,Agra,S1,1-Jan,31-Dec,139,81,220,1-Aug-19,,11232
INDIA,Bangalore,S1,1-Jan,31-Dec,352,141,493,1-Jun-18,,11233
INDIA,Chennai,S1,1-Jan,31-Dec,226,102,328,1-Nov-22,,10336
INDIA,Goa,S1,1-Jan,31-Dec,195,67,262,1-Nov-22,,13550
INDIA,Hyderabad,S1,1-Jan,31-Dec,222,116,338,1-Mar-23,,11235
INDIA,Kolkata,S1,1-Jan,31-Dec,268,118,386,1-Jul-19,,10335
INDIA,Mumbai,S1,1-Jan,31-Dec,192,106,298,1-Nov-22,,10334
INDIA,New Delhi,S1,1-Jan,31-Dec,213,125,338,1-Aug-24,,10333
INDIA,Pune,S1,1-Jan,31-Dec,187,101,288,1-Sep-18,,13551
INDIA,Trivandrum,S1,1-Jan,31-Dec,182,56,238,1-Jan-05,,12368
INDONESIA,[Other],S1,1-Jan,31-Dec,116,50,166,1-Jul-24,,11794
INDONESIA,Bali,S1,1-Jan,31-Dec,235,111,346,1-Apr-19,,11236
INDONESIA,Bandung,S1,1-Jan,31-Dec,218,107,325,1-Sep-13,,10753
INDONESIA,Denpasar,S1,1-Jan,31-Dec,235,111,346,1-Apr-19,,19023
INDONESIA,Jakarta,S1,1-Jan,31-Dec,252,97,349,1-Jul-24,,10262
INDONESIA,Jayapura,S1,1-Jan,31-Dec,128,67,195,1-Jul-24,,11238
INDONESIA,Medan,S1,1-Jan,31-Dec,107,73,180,1-Aug-24,,10271
INDONESIA,Surabaya,S1,1-Jan,31-Dec,135,97,232,1-Jul-24,,10272
INDONESIA,"Timika, Irian Jaya",S1,1-Jan,31-Dec,202,86,288,1-Jul-24,,12456
IRAN,[Other],S1,1-Jan,31-Dec,97,58,155,1-Sep-93,,11940
IRAN,Tehran,S1,1-Jan,31-Dec,97,58,155,1-Sep-93,,11239
IRAQ,[Other],S1,1-Jan,31-Dec,247,82,329,1-Dec-15,"53,24,2",11895
IRAQ,Baghdad,S1,1-Jan,31-Dec,0,11,11,1-Oct-04,"24,2",10344
IRAQ,Erbil,S1,1-Jan,31-Dec,211,65,276,1-Dec-11,"53,24,2",15013
IRELAND,[Other],S1,1-Jan,31-Dec,151,94,245,1-Feb-24,,11874
IRELAND,Cork,S1,1-Jan,31-Dec,157,109,266,1-Feb-24,,12449
IRELAND,Dublin,S1,1-Jan,31-Dec,324,141,465,1-Feb-24,,10162
IRELAND,Galway,S1,1-Jan,31-Dec,168,108,276,1-Feb-24,,12429
ISRAEL,[Other],S1,1-Jan,31-Dec,305,146,451,1-Mar-16,,11811
ISRAEL,Eilat,S1,1-Jan,31-Dec,455,150,605,1-Jan-24,,11240
ISRAEL,En Boqeq,S1,1-Jan,31-Dec,300,122,422,1-Mar-16,,11241
ISRAEL,Haifa,S1,1-Jan,31-Dec,365,131,496,1-Jan-24,,11397
ISRAEL,Herzliya-Pituach,S1,1-Jan,31-Dec,460,178,638,1-Jan-24,,15025
ISRAEL,Jerusalem,S1,1-Jan,31-Dec,440,180,620,1-Jan-24,,11061
ISRAEL,Sedom,S1,1-Jan,31-Dec,300,122,422,1-Mar-16,,11398
ISRAEL,Tel Aviv,S1,1-Jan,31-Dec,510,182,692,1-Jan-24,,10345
ISRAEL,Tiberias,S1,1-Jan,31-Dec,305,146,451,1-Mar-16,,12370
ITALY,[Other],S1,1-Jan,31-Dec,191,114,305,1-Feb-24,,11769
ITALY,Aviano,S1,1-Jan,31-Dec,110,84,194,1-Feb-24,,10934
ITALY,Bari,S1,1-Jan,31-Dec,264,129,393,1-Jun-24,,11246
ITALY,Bologna,S1,1-Jan,31-Dec,270,121,391,1-Feb-24,,11456
ITALY,Bolzano,S1,1-Jan,31-Dec,195,117,312,1-Feb-24,,15041
ITALY,Brindisi,S1,1-Jan,31-Dec,387,106,493,1-Jun-24,,10926
ITALY,Capri,S1,1-Jan,31-Dec,408,164,572,1-Feb-24,,15011
ITALY,Catania,S1,1-Jan,31-Dec,165,120,285,1-Feb-24,,10928
ITALY,Como,S1,1-Jan,31-Dec,309,157,466,1-Feb-24,,13967
ITALY,Ferrara,S1,1-Jan,31-Dec,163,107,270,1-Feb-24,,11460
ITALY,Florence,S1,1-Jan,31-Dec,270,127,397,1-Feb-24,,10164
ITALY,Gaeta,S1,1-Apr,30-Sep,365,144,509,1-Feb-24,,10930
ITALY,Gaeta,S2,1-Oct,31-Mar,180,126,306,1-Feb-24,,10930
ITALY,Genoa,S1,1-Jan,31-Dec,224,115,339,1-Feb-24,,10165
ITALY,La Spezia,S1,1-Jan,31-Dec,140,101,241,1-Feb-24,,10931
ITALY,Milan,S1,1-Jan,31-Dec,324,150,474,1-Aug-23,,10166
ITALY,Modena,S1,1-Jan,31-Dec,169,88,257,1-Feb-24,,11465
ITALY,Naples,S1,1-Jan,31-Dec,343,154,497,1-Mar-24,,10167
ITALY,Palermo,S1,1-Jan,31-Dec,290,138,428,1-Jun-24,,10168
ITALY,Pisa,S1,1-Jan,31-Dec,134,89,223,1-Feb-24,,10933
ITALY,Ravenna,S1,1-Jan,31-Dec,141,101,242,1-Feb-24,,11468
ITALY,Reggio Emilia,S1,1-Jan,31-Dec,165,108,273,1-Feb-24,,11470
ITALY,Rimini,S1,1-Jan,31-Dec,175,118,293,1-Feb-24,,10935
ITALY,Rome,S1,1-Jan,31-Dec,451,165,616,1-Mar-24,,10163
ITALY,Siena,S1,1-Jan,31-Dec,258,112,370,1-Feb-24,,11471
ITALY,Taormina,S1,1-Jan,31-Dec,165,120,285,1-Jun-24,,11473
ITALY,Treviso,S1,1-Jan,31-Dec,180,106,286,1-Feb-24,,13847
ITALY,Trieste,S1,1-Jan,31-Dec,213,104,317,1-Feb-24,,12157
ITALY,Turin,S1,1-Jan,31-Dec,281,136,417,1-Feb-24,,10170
ITALY,Venice,S1,1-Jan,31-Dec,374,208,582,1-Feb-24,,11479
ITALY,Verona,S1,1-Jan,31-Dec,180,86,266,1-Feb-24,,10936
ITALY,Vicenza,S1,1-Jan,31-Dec,132,88,220,1-Jun-23,,10937
JAMAICA,[Other],S1,1-Jan,31-Dec,227,102,329,1-May-24,,11861
JAMAICA,Kingston,S1,1-Jan,31-Dec,227,102,329,1-May-24,,10068
JAPAN,[Other],S1,1-Jan,31-Dec,107,67,174,1-Jun-24,,11795
JAPAN,Akashi,S1,1-Jan,31-Dec,201,107,308,1-Jun-24,,11268
JAPAN,Amagasaki,S1,1-Jan,31-Dec,201,107,308,1-Jun-24,,11270
JAPAN,Asahikawa,S1,1-Jan,31-Dec,75,61,136,1-Jun-24,,11326
JAPAN,Ashiya,S1,1-Jan,31-Dec,112,112,224,1-Jun-24,,11327
JAPAN,Awashima,S1,1-Jan,31-Dec,210,145,355,1-Jun-24,36,11328
JAPAN,Beppu,S1,1-Jan,31-Dec,129,77,206,1-Jun-24,,11329
JAPAN,Fukui,S1,1-Jan,31-Dec,62,52,114,1-Jun-24,,11331
JAPAN,Fukuoka,S1,1-Jan,31-Dec,163,121,284,1-Jun-24,,10274
JAPAN,Fukuyama,S1,1-Jan,31-Dec,62,58,120,1-Jun-24,,11334
JAPAN,Gifu,S1,1-Jan,31-Dec,123,85,208,1-Jun-24,,11335
JAPAN,Hamamatsu,S1,1-Jan,31-Dec,109,63,172,1-Jun-24,,12634
JAPAN,Hiroshima,S1,20-Jul,31-Aug,224,97,321,1-Jun-24,,11337
JAPAN,Hiroshima,S2,1-Sep,19-Jul,132,88,220,1-Jun-24,,11337
JAPAN,Itazuke,S1,1-Jan,31-Dec,163,121,284,1-Jun-24,,11338
JAPAN,Izumisano,S1,1-Jan,31-Dec,137,65,202,1-Jun-24,,12488
JAPAN,Kagoshima,S1,1-Jan,31-Dec,113,63,176,1-Jun-24,,11340
JAPAN,Kanazawa,S1,1-Jan,31-Dec,73,68,141,1-Jun-24,,11341
JAPAN,Kitakyushu,S1,1-Jan,31-Dec,121,81,202,1-Jun-24,,11342
JAPAN,Kochi,S1,1-Jan,31-Dec,91,57,148,1-Jun-24,,11343
JAPAN,Komaki,S1,1-Jan,31-Dec,91,82,173,1-Jun-24,,11344
JAPAN,Kumamoto,S1,1-Jan,31-Dec,140,72,212,1-Jun-24,,11345
JAPAN,Kurashiki,S1,1-Jan,31-Dec,159,118,277,1-Jun-24,,12160
JAPAN,Kure,S1,1-Jan,31-Dec,83,83,166,1-Jun-24,,11346
JAPAN,Kyoto,S1,1-Jan,31-Dec,234,109,343,1-Jun-24,,10280
JAPAN,Matsue,S1,1-Jan,31-Dec,62,56,118,1-Jun-24,,11347
JAPAN,Matsuyama,S1,1-Jan,31-Dec,89,82,171,1-Jun-24,,11348
JAPAN,Miyazaki City,S1,1-Jan,31-Dec,186,89,275,1-Jun-24,,11350
JAPAN,Morioka,S1,1-Jan,31-Dec,82,59,141,1-Jun-24,,11351
JAPAN,Nagasaki,S1,1-Jan,31-Dec,159,92,251,1-Jun-24,,11352
JAPAN,Nagoya,S1,1-Jan,31-Dec,206,132,338,1-Jun-24,,10276
JAPAN,NAHA,S1,1-Jul,31-Aug,204,76,280,1-Jun-24,,91121
JAPAN,NAHA,S2,1-Sep,30-Jun,132,69,201,1-Jun-24,,91121
JAPAN,Nara,S1,1-Jan,31-Dec,79,68,147,1-Jun-24,,11354
JAPAN,Narita,S1,1-Jan,31-Dec,133,65,198,1-Jun-24,,11355
JAPAN,Niigata,S1,1-Jan,31-Dec,57,71,128,1-Jun-24,,11356
JAPAN,Nishinomiya,S1,1-Jan,31-Dec,112,112,224,1-Jun-24,,11357
JAPAN,Obihiro,S1,1-Jan,31-Dec,90,62,152,1-Jun-24,,11361
JAPAN,Oita,S1,1-Jan,31-Dec,83,73,156,1-Jun-24,,11364
JAPAN,Okayama,S1,1-Jan,31-Dec,107,89,196,1-Jun-24,,11365
JAPAN,Okinawa Prefecture,S1,1-Jul,31-Aug,316,116,432,1-Jun-24,,10278
JAPAN,Okinawa Prefecture,S2,1-Sep,30-Jun,164,101,265,1-Jun-24,,10278
JAPAN,Osaka-Kobe,S1,1-Jan,31-Dec,201,107,308,1-Jun-24,,10275
JAPAN,Otsu,S1,1-Jan,31-Dec,92,88,180,1-Jun-24,,11366
JAPAN,Oyama,S1,1-Jan,31-Dec,63,64,127,1-Jun-24,,11367
JAPAN,Sapporo,S1,1-Jan,31-Dec,197,99,296,1-Jun-24,,10277
JAPAN,Sasebo,S1,1-Jan,31-Dec,88,87,175,1-Jun-24,,11368
JAPAN,Sendai,S1,1-Jan,31-Dec,209,93,302,1-Jun-24,,11369
JAPAN,Shiga,S1,1-Jan,31-Dec,92,88,180,1-Jun-24,,12159
JAPAN,Takamatsu,S1,1-Jan,31-Dec,79,63,142,1-Jun-24,,11370
JAPAN,Takayama,S1,1-Jan,31-Dec,106,76,182,1-Jun-24,,11373
JAPAN,Tokushima,S1,1-Jan,31-Dec,76,65,141,1-Jun-24,,11374
JAPAN,Tokyo City,S1,1-Jan,31-Dec,263,133,396,1-Jun-24,9,10273
JAPAN,Tokyo-To,S1,1-Jan,31-Dec,110,74,184,1-Jun-24,35,11480
JAPAN,Tottori,S1,1-Jan,31-Dec,72,79,151,1-Jun-24,,11483
JAPAN,Toyama,S1,1-Jan,31-Dec,97,75,172,1-Jun-24,,11484
JAPAN,Toyonaka,S1,1-Jan,31-Dec,95,105,200,1-Jun-24,,11485
JAPAN,Tsu,S1,1-Jan,31-Dec,99,76,175,1-Jun-24,,11486
JAPAN,Wakayama,S1,1-Jan,31-Dec,99,84,183,1-Jun-24,,11487
JAPAN,Yamato,S1,1-Jan,31-Dec,98,59,157,1-Jun-24,,11488
JAPAN,Yokohama,S1,1-Jan,31-Dec,191,123,314,1-Jun-24,,10281
JAPAN,Yokota,S1,1-Jan,31-Dec,91,67,158,1-Jun-24,,12022
JAPAN,Yufuin,S1,1-Jan,31-Dec,115,73,188,1-Jun-24,,12847
JORDAN,[Other],S1,1-Jan,31-Dec,149,128,277,1-Nov-22,,11812
JORDAN,Amman,S1,1-Jan,31-Dec,242,102,344,1-Dec-22,,10347
JORDAN,Aqaba,S1,1-Jan,31-Dec,149,128,277,1-Nov-22,,12025
JORDAN,Dead Sea/Jordan Valley,S1,1-Jan,31-Dec,197,143,340,1-Jan-23,,13404
JORDAN,Petra,S1,1-Jan,31-Dec,165,129,294,1-Nov-22,,13917
KAZAKHSTAN,[Other],S1,1-Jan,31-Dec,138,98,236,1-Apr-09,,11771
KAZAKHSTAN,Aktau,S1,1-Jan,31-Dec,213,93,306,1-Apr-09,,19005
KAZAKHSTAN,Almaty,S1,1-Jan,31-Dec,280,129,409,1-Aug-24,,10172
KAZAKHSTAN,Astana,S1,1-Jan,31-Dec,265,118,383,1-Jul-24,,12712
KENYA,[Other],S1,1-Jan,31-Dec,147,77,224,1-Mar-19,2,11840
KENYA,Lamu,S1,1-Jan,31-Dec,231,87,318,1-Apr-20,,13387
KENYA,Malindi,S1,1-Jan,31-Dec,117,69,186,1-Apr-20,2,13391
KENYA,Mara Area Region,S1,1-Jan,31-Dec,295,30,325,1-Apr-20,2,13916
KENYA,Mombasa,S1,1-Jan,31-Dec,160,78,238,1-Mar-19,2,10396
KENYA,Mt. Kenya Area,S1,1-Jan,31-Dec,209,106,315,1-Apr-20,2,13392
KENYA,Nairobi,S1,1-Jan,31-Dec,250,77,327,1-May-24,16,10395
KENYA,Nanyuki,S1,1-Jan,31-Dec,97,64,161,1-Apr-20,2,11490
KENYA,Watamu,S1,1-Jan,31-Dec,249,90,339,1-Apr-20,2,13503
KIRIBATI,[Other],S1,1-Jan,31-Dec,67,40,107,1-Aug-24,,11919
KIRIBATI,Christmas Island,S1,1-Jan,31-Dec,76,64,140,1-Aug-10,,11601
KIRIBATI,Kiribati,S1,1-Jan,31-Dec,118,67,185,1-Jun-24,,11062
"Korea, South",[Other],S1,1-Jan,31-Dec,65,43,108,1-Jun-24,17,12185
"Korea, South",Busan,S1,1-Jan,31-Dec,233,123,356,1-Jun-24,17,10284
"Korea, South",Changwon,S1,1-Jan,31-Dec,103,60,163,1-Jun-24,17,10781
"Korea, South",Cheju,S1,1-Jan,31-Dec,225,92,317,1-Jun-24,17,11602
"Korea, South",Chinju,S1,1-Jan,31-Dec,74,58,132,1-Jun-24,17,12133
"Korea, South",Chongju,S1,1-Jan,31-Dec,61,46,107,1-Jun-24,17,11603
"Korea, South",Chonju,S1,1-Jan,31-Dec,129,62,191,1-Jun-24,17,12183
"Korea, South",Chung Ju,S1,1-Jan,31-Dec,73,50,123,1-Jun-24,17,12442
"Korea, South",Incheon,S1,1-Jan,31-Dec,159,119,278,1-Jul-24,17,12804
"Korea, South",Kimhae,S1,1-Jan,31-Dec,57,57,114,1-Jun-24,17,10793
"Korea, South",Kumi,S1,1-Jan,31-Dec,91,65,156,1-Jun-24,17,13517
"Korea, South",Kwangju,S1,1-Jan,31-Dec,134,117,251,1-Jun-24,17,10285
"Korea, South",Kyongju,S1,1-Jan,31-Dec,118,79,197,1-Jun-24,17,11604
"Korea, South",Masan,S1,1-Jan,31-Dec,53,64,117,1-Jun-24,17,11605
"Korea, South",Pyongchang,S1,1-Jan,31-Dec,173,75,248,1-Jun-24,17,19992
"Korea, South",Pyongtaek,S1,1-Jan,31-Dec,69,53,122,1-Jun-24,17,10792
"Korea, South",Seoul,S1,1-Jan,31-Dec,245,128,373,1-Jul-24,17,10283
"Korea, South",Sokcho,S1,1-Jan,31-Dec,98,74,172,1-Jun-24,17,12732
"Korea, South",Taegu,S1,1-Jan,31-Dec,120,110,230,1-Jun-24,17,10286
"Korea, South",Taejon,S1,1-Jan,31-Dec,100,65,165,1-Jun-24,17,11606
"Korea, South",Uijongbu,S1,1-Jan,31-Dec,65,43,108,1-Jun-24,17,10799
"Korea, South",Ulsan,S1,1-Jan,31-Dec,158,85,243,1-Jun-24,17,11607
KOSOVO,[Other],S1,1-Jan,31-Dec,56,46,102,1-Jul-08,,13886
KOSOVO,Pristina,S1,1-Jan,31-Dec,101,59,160,1-Jan-24,,13885
KUWAIT,[Other],S1,1-Jan,31-Dec,284,126,410,1-May-22,,11813
KUWAIT,Kuwait City,S1,1-Jan,31-Dec,284,126,410,1-May-22,,10348
KYRGYZSTAN,[Other],S1,1-Jan,31-Dec,90,55,145,1-Aug-24,,11772
KYRGYZSTAN,Bishkek,S1,1-Jan,31-Dec,220,88,308,1-Apr-23,,10173
KYRGYZSTAN,Issyk-Kul Region,S1,1-Jan,31-Dec,128,67,195,1-Aug-24,,13580
LAOS,[Other],S1,1-Jan,31-Dec,65,81,146,1-Mar-24,,11796
LAOS,Luang Prabang,S1,1-Jan,31-Dec,184,112,296,1-Mar-24,,13549
LAOS,Vientiane,S1,1-Jan,31-Dec,140,110,250,1-Jul-24,,10288
LATVIA,[Other],S1,1-Jan,31-Dec,82,80,162,1-Sep-17,,11773
LATVIA,Riga,S1,1-Jan,31-Dec,216,126,342,1-Feb-24,,10174
LEBANON,[Other],S1,1-Jan,31-Dec,165,53,218,1-Mar-23,"42,2",11864
LEBANON,Beirut,S1,1-Jan,31-Dec,165,53,218,1-Mar-23,"42,2",10349
LESOTHO,[Other],S1,1-Jan,31-Dec,108,86,194,1-Jul-12,,11823
LESOTHO,Maseru,S1,1-Jan,31-Dec,105,64,169,1-Jul-24,,10374
LIBERIA,[Other],S1,1-Jan,31-Dec,70,46,116,1-Jun-06,39,11841
LIBERIA,Monrovia,S1,1-Jan,31-Dec,200,119,319,1-Jan-23,39,10398
LIBYA,[Other],S1,1-Jan,31-Dec,81,79,160,1-Sep-93,2,11943
LIBYA,Benghazi,S1,1-Jan,31-Dec,117,79,196,1-Sep-93,2,11686
LIBYA,Misurata,S1,1-Jan,31-Dec,117,79,196,1-Sep-93,2,11687
LIBYA,Sirte,S1,1-Jan,31-Dec,117,79,196,1-Sep-93,2,11688
LIBYA,Tripoli,S1,1-Jan,31-Dec,185,53,238,1-Jan-23,2,11689
LIECHTENSTEIN,Liechtenstein,S1,1-Jan,31-Dec,264,176,440,1-May-24,,11691
LITHUANIA,[Other],S1,1-Jan,31-Dec,131,108,239,1-Jul-24,,11774
LITHUANIA,Palanga,S1,1-Jun,30-Sep,332,154,486,1-Jul-24,,13941
LITHUANIA,Palanga,S2,1-Oct,31-May,277,149,426,1-Jul-24,,13941
LITHUANIA,Vilnius,S1,1-Jan,31-Dec,240,134,374,1-Jul-24,,10175
LUXEMBOURG,Luxembourg,S1,1-Jan,31-Dec,341,129,470,1-Feb-24,,11063
MACAU,Macau,S1,1-Jan,31-Dec,321,120,441,1-May-08,,11692
MADAGASCAR,[Other],S1,1-Jan,31-Dec,113,54,167,1-Mar-09,,11865
MADAGASCAR,Antananarivo,S1,1-Jan,31-Dec,198,65,263,1-May-24,,10399
MADAGASCAR,Nosy Be,S1,1-Jan,31-Dec,145,68,213,1-Mar-09,,13402
MALAWI,[Other],S1,1-Jan,31-Dec,137,62,199,1-May-24,,11842
MALAWI,Blantyre,S1,1-Jan,31-Dec,172,104,276,1-May-24,,11491
MALAWI,Lilongwe,S1,1-Jan,31-Dec,176,69,245,1-Jan-24,,10400
MALAWI,Salima,S1,1-Jan,31-Dec,188,73,261,1-May-24,,12580
MALAYSIA,[Other],S1,1-Jan,31-Dec,167,62,229,1-Jul-24,23,11797
MALAYSIA,"Kota Kinabalu, Sabah",S1,1-Jan,31-Dec,176,102,278,1-Mar-24,23,11609
MALAYSIA,Kuala Lumpur,S1,1-Jan,31-Dec,179,72,251,1-Mar-24,23,10289
MALAYSIA,Kuantan,S1,1-Jan,31-Dec,133,74,207,1-Mar-24,23,12871
MALAYSIA,Langkawi,S1,1-Jan,31-Dec,279,76,355,1-Aug-23,23,15032
MALAYSIA,Melaka,S1,1-Jan,31-Dec,159,72,231,1-Mar-24,23,15008
MALAYSIA,Penang,S1,1-Jan,31-Dec,137,59,196,1-Mar-24,23,12027
MALDIVES,Maldives,S1,1-Jan,31-Dec,329,134,463,1-Apr-22,,11694
MALDIVES,Male,S1,1-Jan,31-Dec,329,134,463,1-Apr-22,,15047
MALI,[Other],S1,1-Jan,31-Dec,63,43,106,1-Feb-23,2,11866
MALI,Bamako,S1,1-Jan,31-Dec,323,122,445,1-Apr-24,2,10401
MALTA,Malta,S1,1-Jan,31-Dec,315,135,450,1-Feb-24,,11064
MARSHALL ISLANDS,[Other],S1,1-Jan,31-Dec,50,33,83,1-Feb-07,,11803
MARSHALL ISLANDS,Kwajalein Atoll,S1,1-Jan,31-Dec,130,46,176,1-Jul-11,,11610
MARSHALL ISLANDS,Likiep Atoll,S1,1-Jan,31-Dec,76,37,113,1-Feb-07,,13598
MARSHALL ISLANDS,Majuro,S1,1-Jan,31-Dec,152,92,244,1-Feb-23,,10321
MARTINIQUE,Martinique,S1,1-Jan,31-Dec,170,135,305,1-Feb-20,,10060
MAURITANIA,[Other],S1,1-Jan,31-Dec,43,35,78,1-May-16,,11907
MAURITANIA,Kaedi,S1,1-Jan,31-Dec,43,33,76,1-May-16,,13554
MAURITANIA,Nouadhibou,S1,1-Jan,31-Dec,73,56,129,1-May-16,,11495
MAURITANIA,Nouakchott,S1,1-Jan,31-Dec,126,69,195,1-Jan-24,,10402
MAURITIUS,Mauritius,S1,1-Jan,31-Dec,205,127,332,1-Mar-24,,11065
Mayotte,Mayotte Islands,S1,1-Jan,31-Dec,107,66,173,1-Feb-24,,19007
MEXICO,[Other],S1,1-Jan,31-Dec,141,116,257,1-Aug-24,,11751
MEXICO,Acapulco,S1,1-Jan,31-Dec,283,149,432,1-Aug-24,,11629
MEXICO,Campeche,S1,1-Jan,31-Dec,175,78,253,1-Aug-24,,11632
MEXICO,Cancun,S1,1-Jan,31-Dec,287,135,422,1-Aug-24,,11633
MEXICO,Chihuahua,S1,1-Jan,31-Dec,106,75,181,1-Dec-18,,11634
MEXICO,Ciudad Juarez,S1,1-Jan,31-Dec,129,100,229,1-Aug-24,,10070
MEXICO,Ciudad Victoria,S1,1-Jan,31-Dec,96,55,151,1-May-04,,12029
MEXICO,Colima,S1,1-Jan,31-Dec,119,76,195,1-Oct-13,,11638
MEXICO,Cozumel,S1,1-Jan,31-Dec,182,107,289,1-Aug-24,,11639
MEXICO,Cuernavaca,S1,1-Jan,31-Dec,207,109,316,1-Aug-24,,11022
MEXICO,Culiacan,S1,1-Jan,31-Dec,137,126,263,1-Aug-24,,12233
MEXICO,Ensenada,S1,1-Jan,31-Dec,241,123,364,1-Aug-24,,11641
MEXICO,Guadalajara,S1,1-Jan,31-Dec,241,128,369,1-Aug-24,,10071
MEXICO,Hermosillo,S1,1-Jan,31-Dec,118,124,242,1-Aug-24,,10085
MEXICO,Huatulco,S1,1-Jan,31-Dec,297,113,410,1-Aug-24,,12724
MEXICO,Ixtapa Zihuatanejo,S1,1-Jan,31-Dec,230,123,353,1-Aug-24,,11644
MEXICO,La Paz,S1,1-Jan,31-Dec,202,93,295,1-Aug-24,,11645
MEXICO,Los Cabos (Cabo San Lucas and San Jose del Ca,S1,1-Jan,31-Dec,272,112,384,1-Aug-24,,11631
MEXICO,Manzanillo,S1,1-Jan,31-Dec,145,84,229,1-Nov-13,,11648
MEXICO,Matamoros,S1,1-Jan,31-Dec,89,91,180,1-Aug-24,,10072
MEXICO,Mazatlan,S1,1-Jan,31-Dec,130,130,260,1-Aug-24,,10080
MEXICO,Merida,S1,1-Jan,31-Dec,157,93,250,1-Aug-20,,10073
MEXICO,Mexicali,S1,1-Jan,31-Dec,182,116,298,1-Aug-24,,11650
MEXICO,"Mexico City, D.F.",S1,1-Jan,31-Dec,250,133,383,1-Aug-24,,10069
MEXICO,Monterrey,S1,1-Jan,31-Dec,205,155,360,1-Aug-24,,10075
MEXICO,Morelia,S1,1-Jan,31-Dec,178,104,282,1-Aug-24,,11652
MEXICO,Nogales,S1,1-Jan,31-Dec,125,94,219,1-Aug-24,,11653
MEXICO,Nuevo Laredo,S1,1-Jan,31-Dec,107,102,209,1-Aug-24,,10077
MEXICO,Oaxaca,S1,1-Jan,31-Dec,245,105,350,1-Aug-24,,12721
MEXICO,"Playa del Carmen, Quintana Roo",S1,1-Jan,31-Dec,164,98,262,1-Aug-24,,13821
MEXICO,Puebla,S1,1-Jan,31-Dec,207,109,316,1-Aug-24,,12720
MEXICO,Puerto Penasco,S1,1-Jan,31-Dec,241,121,362,1-Dec-16,,13436
MEXICO,Puerto Vallarta,S1,1-Jan,31-Dec,243,131,374,1-Aug-24,,11655
MEXICO,Queretaro,S1,1-Jan,31-Dec,120,59,179,1-May-17,,12030
MEXICO,San Carlos,S1,1-Jan,31-Dec,131,98,229,1-Aug-24,,11657
MEXICO,San Luis Potosi,S1,1-Jan,31-Dec,160,103,263,1-Aug-24,,11660
MEXICO,San Miguel de Allende,S1,1-Jan,31-Dec,120,59,179,1-Dec-00,,11662
MEXICO,Tapachula,S1,1-Jan,31-Dec,80,77,157,1-Jul-24,,10462
MEXICO,Tijuana,S1,1-Jan,31-Dec,193,106,299,1-Aug-24,,10078
MEXICO,Valle del Bravo,S1,1-Jan,31-Dec,242,95,337,1-Feb-13,,15061
MEXICO,Veracruz,S1,1-Jan,31-Dec,120,103,223,1-Aug-24,,10079
MEXICO,Zacatecas,S1,1-Jan,31-Dec,171,92,263,1-Aug-24,,11665
"Micronesia, Federated States of",[Other],S1,1-Jan,31-Dec,141,85,226,1-Jan-19,,11868
"Micronesia, Federated States of",Chuuk,S1,1-Jan,31-Dec,141,85,226,1-Jan-19,,10800
"Micronesia, Federated States of",Kosrae,S1,1-Jan,31-Dec,125,84,209,1-Jan-19,,10801
"Micronesia, Federated States of",Pohnpei,S1,1-Jan,31-Dec,129,98,227,1-Feb-23,,10802
"Micronesia, Federated States of",Yap,S1,1-Jan,31-Dec,132,85,217,1-Jan-19,,10803
MOLDOVA,[Other],S1,1-Jan,31-Dec,154,91,245,1-Apr-23,,11869
MOLDOVA,Chisinau,S1,1-Jan,31-Dec,154,91,245,1-Apr-23,,10178
MONACO,Monaco,S1,1-Jan,31-Dec,406,121,527,1-Feb-24,,11695
MONGOLIA,[Other],S1,1-Jan,31-Dec,140,66,206,1-Feb-23,,11798
MONGOLIA,Ulaanbaatar,S1,1-Jan,31-Dec,185,85,270,1-Feb-24,,10294
MONTENEGRO,[Other],S1,1-Jan,31-Dec,210,101,311,1-Mar-23,,13600
MONTENEGRO,Podgorica,S1,1-Jan,31-Dec,210,101,311,1-Mar-23,,13596
MONTSERRAT,Montserrat,S1,1-Jan,31-Dec,131,97,228,1-Jan-24,,19019
MOROCCO,[Other],S1,1-Jan,31-Dec,163,67,230,1-Aug-24,,11896
MOROCCO,Agadir,S1,1-Jan,31-Dec,265,98,363,1-Jun-24,,11399
MOROCCO,Casablanca,S1,1-Jan,31-Dec,311,132,443,1-Aug-24,,10352
MOROCCO,Fes,S1,1-Jan,31-Dec,325,132,457,1-Jun-24,,11401
MOROCCO,Marrakech,S1,1-Jan,31-Dec,355,141,496,1-Jun-24,,11032
MOROCCO,Ouarzazate,S1,1-Jan,31-Dec,258,131,389,1-Jun-24,,11404
MOROCCO,Rabat,S1,1-Jan,31-Dec,355,149,504,1-Jun-24,,10351
MOROCCO,Tangier,S1,1-Jan,31-Dec,305,162,467,1-Jun-24,,10353
MOROCCO,Taroudant,S1,1-Jan,31-Dec,254,133,387,1-Jun-24,,11405
MOZAMBIQUE,[Other],S1,1-Jan,31-Dec,189,114,303,1-Jun-14,,11870
MOZAMBIQUE,Maputo,S1,1-Jan,31-Dec,220,86,306,1-Nov-21,,10404
MOZAMBIQUE,Pemba,S1,1-Jan,31-Dec,189,114,303,1-Jun-14,,19020
NAMIBIA,[Other],S1,1-Jan,31-Dec,140,66,206,1-May-24,,11847
NAMIBIA,Etosha,S1,1-Jan,31-Dec,75,64,139,1-May-24,,12806
NAMIBIA,Opuwo,S1,1-Jan,31-Dec,89,68,157,1-May-24,,19950
NAMIBIA,Walvis Bay,S1,1-Jan,31-Dec,88,72,160,1-May-24,,15052
NAMIBIA,Windhoek,S1,1-Jan,31-Dec,120,80,200,1-May-24,,10405
NAURU,Nauru,S1,1-Jan,31-Dec,247,83,330,1-Jun-24,,11696
NEPAL,[Other],S1,1-Jan,31-Dec,153,90,243,1-Nov-18,,11814
NEPAL,Kathmandu,S1,1-Jan,31-Dec,204,107,311,1-Nov-22,,10355
NEPAL,Pokhara,S1,1-Jan,31-Dec,160,113,273,1-Nov-18,,11034
NETHERLANDS,[Other],S1,1-Jan,31-Dec,179,112,291,1-Feb-24,,11776
NETHERLANDS,Amsterdam,S1,1-Jan,31-Dec,424,140,564,1-Feb-24,,10180
NETHERLANDS,Coevorden,S1,1-Jan,31-Dec,152,112,264,1-Feb-24,,11513
NETHERLANDS,Eindhoven,S1,1-Jan,31-Dec,203,107,310,1-Feb-24,,13545
NETHERLANDS,Lisse,S1,1-Jan,31-Dec,167,121,288,1-Feb-24,,11519
NETHERLANDS,Maastricht,S1,1-Jan,31-Dec,300,147,447,1-Feb-24,,11510
NETHERLANDS,Noordwijk,S1,1-Jan,31-Dec,185,101,286,1-Feb-24,,11520
NETHERLANDS,Papendrecht,S1,1-Jan,31-Dec,263,146,409,1-Feb-24,7,11515
NETHERLANDS,Rotterdam,S1,1-Jan,31-Dec,263,146,409,1-Feb-24,7,10181
NETHERLANDS,Schiphol,S1,1-Jan,31-Dec,453,188,641,1-Feb-24,,10938
NETHERLANDS,The Hague,S1,1-Jan,31-Dec,268,162,430,1-Aug-24,,10179
NETHERLANDS,Utrecht,S1,1-Jan,31-Dec,159,112,271,1-Feb-24,,11521
NEW CALEDONIA,New Caledonia,S1,1-Jan,31-Dec,192,97,289,1-Jul-08,,11697
NEW ZEALAND,[Other],S1,1-Jan,31-Dec,106,85,191,1-Jan-24,,11871
NEW ZEALAND,Auckland,S1,1-Jan,31-Dec,245,125,370,1-Apr-24,,10296
NEW ZEALAND,Christchurch,S1,1-Jan,31-Dec,190,128,318,1-Mar-24,,10297
NEW ZEALAND,Dunedin,S1,1-Jan,31-Dec,122,102,224,1-Jan-24,,12518
NEW ZEALAND,Queenstown,S1,1-Jan,31-Dec,262,119,381,1-Jan-24,,12313
NEW ZEALAND,Rotorua,S1,1-Jan,31-Dec,125,104,229,1-Jan-24,,12311
NEW ZEALAND,Wellington,S1,1-Jan,31-Dec,189,141,330,1-Mar-24,,10295
NICARAGUA,[Other],S1,1-Jan,31-Dec,98,55,153,1-Apr-11,,11872
NICARAGUA,Corn Island,S1,1-Jan,31-Dec,116,65,181,1-Apr-11,,12695
NICARAGUA,Managua,S1,1-Jan,31-Dec,152,94,246,1-Feb-24,,10089
NICARAGUA,San Juan del Sur,S1,1-Jan,31-Dec,242,70,312,1-May-11,,12696
NIGER,[Other],S1,1-Jan,31-Dec,99,57,156,1-Jul-11,,11844
NIGER,Niamey,S1,1-Jan,31-Dec,182,86,268,1-Feb-23,,10406
NIGERIA,[Other],S1,1-Jan,31-Dec,318,131,449,1-Oct-15,2,11902
NIGERIA,Abuja,S1,1-Jan,31-Dec,251,132,383,1-Nov-22,,10741
NIGERIA,Kaduna,S1,1-Jan,31-Dec,265,113,378,1-Oct-14,2,10743
NIGERIA,Lagos,S1,1-Jan,31-Dec,255,145,400,1-Aug-24,,10744
NIGERIA,Port Harcourt,S1,1-Jan,31-Dec,318,131,449,1-Oct-15,2,13508
NIUE,Niue,S1,1-Jan,31-Dec,163,72,235,1-Jan-24,,11698
NORTH MACEDONIA,[Other],S1,1-Jan,31-Dec,91,84,175,1-May-23,,11966
NORTH MACEDONIA,Ohrid,S1,1-Jan,31-Dec,91,84,175,1-May-23,,19994
NORTH MACEDONIA,Skopje,S1,1-Jan,31-Dec,160,92,252,1-May-23,,11964
NORWAY,[Other],S1,1-Jan,31-Dec,215,136,351,1-Jul-24,,11897
NORWAY,Oslo,S1,1-Jan,31-Dec,215,136,351,1-Jul-24,,10183
NORWAY,Stavanger,S1,1-Jan,31-Dec,367,149,516,1-Aug-24,,12499
NORWAY,Tromso,S1,1-Jan,31-Dec,321,127,448,1-Jun-24,,10189
OMAN,[Other],S1,1-Jun,30-Sep,211,170,381,1-Mar-15,,11816
OMAN,[Other],S2,1-Oct,31-May,167,165,332,1-Mar-15,,11816
OMAN,Duqm,S1,1-Jan,31-Dec,179,135,314,1-Mar-15,,15071
OMAN,Muscat,S1,1-Jan,31-Dec,261,155,416,1-Oct-13,,10361
OMAN,Salalah,S1,1-Jun,30-Sep,211,170,381,1-Mar-15,,12034
OMAN,Salalah,S2,1-Oct,31-May,167,165,332,1-Mar-15,,12034
OTHER FOREIGN LOCALITIES,Other Foreign Localities,S1,1-Jan,31-Dec,54,35,89,1-Oct-23,,11074
PAKISTAN,[Other],S1,1-Jan,31-Dec,177,82,259,1-Jun-16,"107,104,89,2",11815
PAKISTAN,Faisalabad,S1,1-Jan,31-Dec,163,94,257,1-Jun-16,"107,104,89,2",11035
PAKISTAN,Islamabad,S1,1-Jan,31-Dec,130,80,210,1-Nov-23,"107,104,89,41,2",10356
PAKISTAN,Karachi,S1,1-Jan,31-Dec,177,102,279,1-Feb-24,"107,104,89,2",10359
PAKISTAN,Lahore,S1,1-Jan,31-Dec,227,61,288,1-May-23,"104,89,107,2",10357
PAKISTAN,Peshawar,S1,1-Jan,31-Dec,145,74,219,1-Nov-23,"107,89,104,2",10358
PAKISTAN,Quetta,S1,1-Jan,31-Dec,177,82,259,1-Jun-16,"107,104,89,2",11037
PALAU,[Other],S1,1-Jan,31-Dec,245,132,377,1-Jan-23,,11905
PALAU,Koror,S1,1-Jan,31-Dec,245,132,377,1-Jan-23,,10805
PANAMA,[Other],S1,1-Jan,31-Dec,84,58,142,1-Dec-12,,11753
PANAMA,Colon,S1,1-Jan,31-Dec,114,87,201,1-Jan-15,,11026
PANAMA,"David, Chiriqui",S1,1-Jan,31-Dec,114,81,195,1-Nov-12,,12337
PANAMA,Panama City,S1,1-Jan,31-Dec,173,99,272,1-Jan-15,,11076
PAPUA NEW GUINEA,[Other],S1,1-Jan,31-Dec,144,57,201,1-Jun-24,,11799
PAPUA NEW GUINEA,Port Moresby,S1,1-Jan,31-Dec,238,75,313,1-Jun-24,,10300
PARAGUAY,[Other],S1,1-Jan,31-Dec,62,60,122,1-Aug-13,,11873
PARAGUAY,Asuncion,S1,1-Jan,31-Dec,175,88,263,1-Dec-23,,10091
PARAGUAY,Ciudad del Este,S1,1-Jan,31-Dec,133,85,218,1-Aug-13,,11670
PARAGUAY,Pegro Juan,S1,1-Jan,31-Dec,45,76,121,1-Aug-13,,12038
PERU,[Other],S1,1-Jan,31-Dec,127,89,216,1-Jul-24,2,11754
PERU,Cusco,S1,1-Jan,31-Dec,230,109,339,1-Jul-24,,11673
PERU,Lima,S1,1-Jan,31-Dec,250,96,346,1-Jul-24,,10092
PERU,Paracas,S1,1-Jan,31-Dec,220,105,325,1-Jul-24,,12292
PHILIPPINES,[Other],S1,1-Jan,31-Dec,114,65,179,1-Jul-24,2,11875
PHILIPPINES,Baguio City,S1,1-Jan,31-Dec,124,79,203,1-Jul-24,,11612
PHILIPPINES,Cebu,S1,1-Jan,31-Dec,109,77,186,1-Jun-24,,10302
PHILIPPINES,Clark AFB,S1,1-Jan,31-Dec,133,91,224,1-Jun-24,,91161
PHILIPPINES,Davao City,S1,1-Jan,31-Dec,86,71,157,1-Jun-24,2,11613
PHILIPPINES,Mactan,S1,1-Jan,31-Dec,136,82,218,1-Jun-24,,20008
PHILIPPINES,Manila,S1,1-Jan,31-Dec,195,90,285,1-Jul-24,34,10301
POLAND,[Other],S1,1-Jan,31-Dec,107,79,186,1-Aug-24,29,11777
POLAND,Bydgoszcz,S1,1-Jan,31-Dec,137,84,221,1-Aug-24,29,12357
POLAND,Gdansk,S1,1-Jan,31-Dec,128,90,218,1-Aug-24,"29,31",11736
POLAND,Katowice,S1,1-Jan,31-Dec,127,121,248,1-Jan-24,29,12360
POLAND,Kielce,S1,1-Jan,31-Dec,102,83,185,1-Aug-24,29,13701
POLAND,Krakow,S1,1-Jan,31-Dec,207,141,348,1-Jan-24,29,10192
POLAND,Lodz,S1,1-Jan,31-Dec,107,84,191,1-Aug-24,29,12359
POLAND,Poznan,S1,1-Jan,31-Dec,115,93,208,1-Aug-24,29,10191
POLAND,Rzeszow,S1,1-Jan,31-Dec,100,99,199,1-Jan-24,29,13546
POLAND,Warsaw,S1,1-Jan,31-Dec,185,103,288,1-Aug-24,29,10190
POLAND,Wroclaw,S1,1-Jan,31-Dec,157,138,295,1-Jan-24,29,12249
POLAND,Zakopane,S1,1-Jan,31-Dec,114,86,200,1-Apr-18,29,12513
PORTUGAL,[Other],S1,1-Jan,31-Dec,95,63,158,1-Feb-24,,11909
PORTUGAL,Cascais,S1,1-Jan,31-Dec,102,92,194,1-Feb-24,,12145
PORTUGAL,Estoril,S1,1-Jan,31-Dec,102,92,194,1-Feb-24,,12146
PORTUGAL,Faial Island,S1,1-Apr,31-Oct,102,68,170,1-Feb-24,,13018
PORTUGAL,Faial Island,S2,1-Nov,31-Mar,94,68,162,1-Feb-24,,13018
PORTUGAL,Lisbon,S1,1-Jan,31-Dec,261,104,365,1-Feb-24,,10185
PORTUGAL,Madeira Islands,S1,1-Jan,31-Dec,107,59,166,1-Feb-24,,12958
PORTUGAL,Oeiras,S1,1-Jan,31-Dec,102,92,194,1-Feb-24,,12147
PORTUGAL,Oporto,S1,1-Jan,31-Dec,226,120,346,1-Feb-24,,10186
PORTUGAL,Ponta Delgada,S1,1-Apr,31-Oct,174,59,233,1-Feb-24,,13020
PORTUGAL,Ponta Delgada,S2,1-Nov,31-Mar,136,55,191,1-Feb-24,,13020
PORTUGAL,Sao Miguel Island,S1,1-Jan,31-Dec,257,89,346,1-Feb-24,,13019
QATAR,[Other],S1,1-Jan,31-Dec,240,165,405,1-Mar-24,,11817
QATAR,Doha,S1,1-Jan,31-Dec,240,165,405,1-Mar-24,,10362
REPUBLIC OF THE CONGO,[Other],S1,1-Jan,31-Dec,272,113,385,1-Apr-24,,11830
REPUBLIC OF THE CONGO,Brazzaville,S1,1-Jan,31-Dec,272,113,385,1-Apr-24,,10385
REUNION,Reunion,S1,1-Jan,31-Dec,145,76,221,1-Apr-07,,11729
ROMANIA,[Other],S1,1-Jan,31-Dec,126,102,228,1-Sep-23,71,11876
ROMANIA,Bucharest,S1,1-Jan,31-Dec,170,120,290,1-Sep-23,71,10194
ROMANIA,Constanta-Mihail Kogalniceanu AB,S1,1-Jan,31-Dec,114,85,199,1-Sep-23,71,13652
RUSSIA,[Other],S1,1-Jan,31-Dec,173,112,285,1-Feb-22,,11778
RUSSIA,Moscow,S1,1-Jan,31-Dec,350,154,504,1-Jul-24,33,10196
RUSSIA,Saint Petersburg,S1,1-Jan,31-Dec,352,134,486,1-Feb-22,,10197
RUSSIA,Sochi,S1,1-Jan,31-Dec,305,202,507,1-Nov-14,,19957
RUSSIA,Yuzhno-Sakhalinsk,S1,1-Jan,31-Dec,250,120,370,1-Aug-06,,12564
RWANDA,[Other],S1,1-Jan,31-Dec,112,59,171,1-Feb-24,,11845
RWANDA,Akagera,S1,1-Jan,31-Dec,173,65,238,1-Feb-24,,19002
RWANDA,Gisenyi,S1,1-Jan,31-Dec,112,59,171,1-Feb-24,,13473
RWANDA,Kigali,S1,1-Jan,31-Dec,203,80,283,1-Feb-24,,10407
RWANDA,Ruhengeri,S1,1-Jan,31-Dec,165,48,213,1-Feb-24,,13474
SAINT HELENA,Saint Helena,S1,1-Jan,31-Dec,41,14,55,1-Jan-24,,11066
SAINT KITTS AND NEVIS,Saint Kitts and Nevis,S1,1-Jan,31-Dec,259,138,397,1-Apr-23,,11700
SAINT VINCENT AND THE GRENADINES,Saint Vincent and the Grenadines,S1,1-Jan,31-Dec,220,110,330,1-Apr-23,,11703
Samoa,Samoa,S1,1-Jan,31-Dec,186,114,300,1-Jun-12,,11071
SAN MARINO,San Marino,S1,1-Jan,31-Dec,112,95,207,1-Feb-24,,11704
SAO TOME AND PRINCIPE,Principe,S1,1-Jan,31-Dec,258,47,305,1-Jan-09,,13520
SAO TOME AND PRINCIPE,Sao Tome,S1,1-Jan,31-Dec,162,100,262,1-Aug-24,,13522
SAUDI ARABIA,[Other],S1,1-Jan,31-Dec,347,163,510,1-Jan-15,11,11818
SAUDI ARABIA,Dhahran Area,S1,1-Jan,31-Dec,304,134,438,1-Mar-23,11,10364
SAUDI ARABIA,Eskan,S1,1-Jan,31-Dec,80,43,123,1-Nov-14,11,19986
SAUDI ARABIA,Jeddah,S1,1-Jan,31-Dec,347,163,510,1-Jan-15,11,10365
SAUDI ARABIA,Medina,S1,1-Jun,30-Sep,169,93,262,1-Mar-05,11,13407
SAUDI ARABIA,Medina,S2,1-Oct,31-May,100,86,186,1-Mar-05,11,13407
SAUDI ARABIA,Riyadh,S1,1-Jan,31-Dec,416,142,558,1-Jan-22,11,10363
SAUDI ARABIA,Taif,S1,1-Jun,30-Sep,133,89,222,1-Mar-05,11,11046
SAUDI ARABIA,Taif,S2,1-Oct,31-May,111,87,198,1-Mar-05,11,11046
SENEGAL,[Other],S1,1-Jan,31-Dec,91,103,194,1-Feb-23,,11877
SENEGAL,Dakar,S1,1-Jan,31-Dec,204,134,338,1-Feb-23,,10408
SENEGAL,Mbour,S1,1-Jan,31-Dec,91,80,171,1-Feb-23,,19009
SERBIA,[Other],S1,1-Jan,31-Dec,98,62,160,1-Nov-19,,11921
SERBIA,Belgrade,S1,1-Jan,31-Dec,195,94,289,1-Apr-24,,11047
SERBIA,Kopaonik,S1,1-Jan,31-Dec,152,68,220,1-Apr-15,,20003
SEYCHELLES,Seychelles,S1,1-Jan,31-Dec,490,172,662,1-Mar-24,,11068
SIERRA LEONE,[Other],S1,1-Jan,31-Dec,130,70,200,1-Mar-24,,11846
SIERRA LEONE,Freetown,S1,1-Jan,31-Dec,180,101,281,1-Apr-24,,10409
SINGAPORE,Singapore,S1,1-Jan,31-Dec,289,142,431,1-Apr-24,,10309
Sint Maarten,Sint Maarten,S1,1-Jan,31-Dec,263,153,416,1-Mar-23,,11667
Slovakia,[Other],S1,1-Jan,31-Dec,133,83,216,1-May-23,,11941
Slovakia,Bratislava,S1,1-Jan,31-Dec,196,115,311,1-May-23,,11540
Slovakia,Liptovsky Mikulas,S1,1-Jan,31-Dec,122,94,216,1-Feb-24,,91135
Slovakia,Zilina,S1,1-Jan,31-Dec,143,88,231,1-May-23,,13647
SLOVENIA,[Other],S1,1-Jan,31-Dec,179,137,316,1-Nov-23,,11942
SLOVENIA,Ljubljana,S1,1-Jan,31-Dec,179,137,316,1-Nov-23,,11541
SLOVENIA,Portoroz,S1,1-Jan,31-Dec,207,86,293,1-Apr-05,,13413
SOLOMON ISLANDS,[Other],S1,1-Jan,31-Dec,270,90,360,1-Jan-23,,91177
SOLOMON ISLANDS,Honiara,S1,1-Jan,31-Dec,270,90,360,1-Jan-23,,11069
SOMALIA,[Other],S1,1-Jan,31-Dec,112,57,169,1-Nov-07,"22,2",11889
SOMALIA,Mogadishu,S1,1-Jan,31-Dec,0,66,66,1-Apr-18,"22,2",10410
SOUTH AFRICA,[Other],S1,1-Jan,31-Dec,96,54,150,1-Jul-24,,11848
SOUTH AFRICA,Bloemfontein,S1,1-Jan,31-Dec,92,69,161,1-Jul-24,,13003
SOUTH AFRICA,Cape Town,S1,1-Jan,31-Dec,210,84,294,1-Jul-24,,10412
SOUTH AFRICA,Durban,S1,1-Jan,31-Dec,136,64,200,1-Jul-24,,10413
SOUTH AFRICA,Johannesburg,S1,1-Jan,31-Dec,190,82,272,1-Jul-24,,10414
SOUTH AFRICA,Pretoria,S1,1-Jan,31-Dec,186,80,266,1-Jul-24,,10411
SOUTH AFRICA,Stellenbosch,S1,1-Jan,31-Dec,138,73,211,1-Jul-24,,13393
SOUTH AFRICA,Sun City,S1,1-Jan,31-Dec,104,49,153,1-Jul-24,,12784
SOUTH SUDAN,[Other],S1,1-Jan,31-Dec,275,90,365,1-Nov-21,2,15046
SOUTH SUDAN,Juba,S1,1-Jan,31-Dec,275,90,365,1-Nov-21,2,13453
SPAIN,[Other],S1,1-Jan,31-Dec,143,93,236,1-Feb-24,,11779
SPAIN,Almeria,S1,1-Jan,31-Dec,157,102,259,1-Feb-24,,13396
SPAIN,Balearic Islands,S1,1-Jan,31-Dec,237,128,365,1-Aug-24,,13157
SPAIN,Barcelona,S1,1-Jan,31-Dec,258,105,363,1-Feb-24,,10202
SPAIN,Bilbao,S1,1-Jan,31-Dec,195,123,318,1-Feb-24,,10203
SPAIN,Fuengirola,S1,1-Jan,31-Dec,148,84,232,1-Feb-24,,11523
SPAIN,La Coruna,S1,1-Jan,31-Dec,141,86,227,1-Feb-24,,11526
SPAIN,Las Palmas de Gran Canaria,S1,1-Jan,31-Dec,179,89,268,1-Feb-24,,12914
SPAIN,Madrid,S1,1-Jan,31-Dec,342,125,467,1-May-24,,10201
SPAIN,Malaga,S1,1-Jan,31-Dec,204,104,308,1-Feb-24,,11529
SPAIN,Marbella,S1,1-Jan,31-Dec,140,93,233,1-Feb-24,,11530
SPAIN,Oviedo,S1,1-Jan,31-Dec,115,86,201,1-Feb-24,,11531
SPAIN,San Sebastian,S1,1-Jan,31-Dec,219,147,366,1-May-24,,11533
SPAIN,Santa Cruz de Tenerife,S1,1-Jan,31-Dec,121,85,206,1-Feb-24,,12913
SPAIN,Santander,S1,1-Jan,31-Dec,161,83,244,1-Feb-24,,11534
SPAIN,Santiago de Compostela,S1,1-Jan,31-Dec,161,93,254,1-Feb-24,,11535
SPAIN,Seville,S1,1-Jan,31-Dec,219,98,317,1-Feb-24,,10204
SPAIN,Valencia,S1,1-Jan,31-Dec,282,112,394,1-Feb-24,,11538
SPAIN,Vigo,S1,1-Jan,31-Dec,134,85,219,1-Feb-24,,12915
SPAIN,Zaragoza,S1,1-Jan,31-Dec,234,145,379,1-Apr-08,,10959
SRI LANKA,[Other],S1,1-Jan,31-Dec,107,45,152,1-Oct-11,,11808
SRI LANKA,Colombo,S1,1-Jan,31-Dec,233,68,301,1-Apr-24,,10332
SRI LANKA,Galle,S1,1-Jan,31-Dec,145,71,216,1-May-11,,12470
SRI LANKA,Kandy,S1,1-Jan,31-Dec,177,69,246,1-Oct-11,,11041
SRI LANKA,Trincomalee,S1,1-Jan,31-Dec,155,76,231,1-Apr-11,,19022
ST LUCIA,Saint Lucia,S1,1-Jan,31-Dec,331,157,488,1-Mar-23,,11701
SUDAN,[Other],S1,1-Jan,31-Dec,210,85,295,1-Dec-17,2,11879
SUDAN,Khartoum,S1,1-Jan,31-Dec,297,140,437,1-Feb-23,,10418
SURINAME,[Other],S1,1-Jan,31-Dec,149,111,260,1-Mar-16,,11880
SURINAME,Paramaribo,S1,1-Jan,31-Dec,149,111,260,1-Mar-16,,10096
SWEDEN,[Other],S1,1-Jan,31-Dec,258,136,394,1-Aug-24,,11780
SWEDEN,Stockholm,S1,1-Jan,31-Dec,258,136,394,1-Aug-24,,10206
SWITZERLAND,[Other],S1,1-Jan,31-Dec,247,164,411,1-May-24,,11781
SWITZERLAND,Bad Ragaz,S1,1-Jan,31-Dec,437,167,604,1-May-24,,20009
SWITZERLAND,Basel,S1,1-Jan,31-Dec,253,178,431,1-May-24,,12483
SWITZERLAND,Bern,S1,1-Jan,31-Dec,307,169,476,1-May-24,,10208
SWITZERLAND,Davos,S1,1-Jan,31-Dec,361,197,558,1-May-24,,12690
SWITZERLAND,Geneva,S1,1-Jan,31-Dec,371,183,554,1-May-24,,10210
SWITZERLAND,Klosters,S1,1-Jan,31-Dec,297,186,483,1-May-24,,12738
SWITZERLAND,Lugano,S1,1-Jan,31-Dec,274,178,452,1-May-24,,12739
SWITZERLAND,Montreux,S1,1-Jan,31-Dec,363,159,522,1-May-24,,12482
SWITZERLAND,Zurich,S1,1-Jan,31-Dec,386,208,594,1-May-24,,10209
SYRIA,[Other],S1,1-Jan,31-Dec,191,19,210,1-May-24,"103,2",11881
SYRIA,Damascus,S1,1-Jan,31-Dec,191,19,210,1-May-24,"103,2",10366
TAIWAN,[Other],S1,1-Jan,31-Dec,131,114,245,1-Mar-23,,11906
TAIWAN,Kaohsiung,S1,1-Jan,31-Dec,124,132,256,1-Mar-24,,10313
TAIWAN,Taichung,S1,1-Jan,31-Dec,106,72,178,1-Nov-23,,11619
TAIWAN,Taipei,S1,1-Jan,31-Dec,188,108,296,1-Sep-23,,10311
TAJIKISTAN,[Other],S1,1-Jan,31-Dec,100,55,155,1-Feb-11,,11782
TAJIKISTAN,Dushanbe,S1,1-Jan,31-Dec,229,82,311,1-Apr-23,,10211
TAJIKISTAN,Khorog,S1,1-Jan,31-Dec,176,80,256,1-Feb-11,,19013
TAJIKISTAN,Kulob,S1,1-Jan,31-Dec,100,55,155,1-Feb-11,,19018
TANZANIA,[Other],S1,1-Jan,31-Dec,150,78,228,1-Jun-24,21,11851
TANZANIA,Arusha,S1,1-Jan,31-Dec,220,150,370,1-Aug-24,21,12158
TANZANIA,Dar Es Salaam,S1,1-Jan,31-Dec,305,137,442,1-Aug-24,21,10420
TANZANIA,Dodoma,S1,1-Jan,31-Dec,150,85,235,1-Aug-24,,91162
TANZANIA,Morogoro,S1,1-Jan,31-Dec,137,60,197,1-Jun-14,21,15068
TANZANIA,Zanzibar,S1,1-Jan,31-Dec,301,131,432,1-Aug-24,21,13482
THAILAND,[Other],S1,1-Jan,31-Dec,99,63,162,1-Jan-24,,11882
THAILAND,Bangkok,S1,1-Jan,31-Dec,219,111,330,1-Feb-24,62,10238
THAILAND,Cha Am,S1,1-Jan,31-Dec,185,115,300,1-Jan-24,,19993
THAILAND,Chiang Mai,S1,1-Jan,31-Dec,159,89,248,1-Mar-24,,10239
THAILAND,Chiang Rai,S1,1-Jan,31-Dec,129,85,214,1-Mar-24,,13177
THAILAND,Hat Yai,S1,1-Jan,31-Dec,129,85,214,1-Mar-24,,13178
THAILAND,Hua Hin,S1,1-Jan,31-Dec,185,115,300,1-Jan-24,,11621
THAILAND,Khao Lak,S1,1-Jan,31-Dec,207,107,314,1-Feb-24,,13844
THAILAND,Krabi,S1,1-Jan,31-Dec,245,95,340,1-Mar-24,,13845
THAILAND,Nong Khai,S1,1-Jan,31-Dec,99,63,162,1-Jan-24,,11622
THAILAND,Pattaya City,S1,1-Jan,31-Dec,170,105,275,1-Jan-24,,11623
THAILAND,Phuket,S1,1-Jan,31-Dec,245,109,354,1-Mar-24,,11626
THAILAND,Samui Island,S1,1-Jan,31-Dec,260,104,364,1-Jan-24,,11625
TIMOR-LESTE,[Other],S1,1-Jan,31-Dec,70,70,140,1-Dec-18,,13977
TIMOR-LESTE,Dili,S1,1-Jan,31-Dec,180,90,270,1-Mar-24,,13976
TOGO,[Other],S1,1-Jan,31-Dec,60,57,117,1-Feb-23,,11852
TOGO,Lama Kara,S1,1-Jan,31-Dec,90,65,155,1-Feb-23,,12352
TOGO,Lome,S1,1-Jan,31-Dec,174,85,259,1-Feb-23,,10422
Tokelau,Tokelau Islands,S1,1-Jan,31-Dec,20,18,38,1-Sep-93,,11705
TONGA,[Other],S1,1-Jan,31-Dec,178,98,276,1-Aug-24,,11883
TONGA,Nukualofa,S1,1-Jan,31-Dec,178,98,276,1-Aug-24,,10812
TRINIDAD AND TOBAGO,[Other],S1,1-Jan,31-Dec,236,193,429,1-Sep-22,,11884
TRINIDAD AND TOBAGO,Port of Spain,S1,1-Jan,31-Dec,236,193,429,1-Sep-22,,11077
TRINIDAD AND TOBAGO,Tobago,S1,1-Jan,31-Dec,220,109,329,1-Apr-17,,11674
TUNISIA,[Other],S1,1-Jan,31-Dec,96,88,184,1-May-24,2,11819
TUNISIA,Hammamet,S1,1-Jan,31-Dec,93,86,179,1-Apr-24,2,11590
TUNISIA,Jerba,S1,1-Jan,31-Dec,198,84,282,1-May-24,2,11591
TUNISIA,Monastir,S1,1-Jan,31-Dec,180,88,268,1-May-24,2,13930
TUNISIA,Sousse,S1,1-Jan,31-Dec,124,103,227,1-May-24,2,11597
TUNISIA,Tabarka,S1,1-Jan,31-Dec,191,123,314,1-May-24,2,12309
TUNISIA,Tozeur,S1,1-Jan,31-Dec,88,91,179,1-Apr-24,2,11598
TUNISIA,Tunis,S1,1-Jan,31-Dec,245,112,357,1-Mar-24,"68,2",10367
TURKEY,[Other],S1,1-Jan,31-Dec,235,98,333,1-Aug-24,2,11783
TURKEY,Adana-Incirlik,S1,1-Jan,31-Dec,163,97,260,1-Mar-23,2,10215
TURKEY,Ankara,S1,1-Jan,31-Dec,230,119,349,1-Aug-24,2,10212
TURKEY,Antalya,S1,1-Jan,31-Dec,189,94,283,1-Aug-04,2,11547
TURKEY,Bursa,S1,1-Jan,31-Dec,158,102,260,1-Aug-04,2,12399
TURKEY,Gaziantep,S1,1-Jan,31-Dec,120,78,198,1-Sep-23,2,19985
TURKEY,Istanbul,S1,1-Jan,31-Dec,324,150,474,1-Aug-22,2,10213
TURKEY,Izmir-Cigli,S1,1-Jan,31-Dec,246,48,294,1-Jul-22,2,11545
TURKMENISTAN,[Other],S1,1-Jan,31-Dec,100,65,165,1-Apr-23,,11784
TURKMENISTAN,Ashgabat,S1,1-Jan,31-Dec,115,110,225,1-Jun-19,,10217
TURKS AND CAICOS ISLANDS,Turks and Caicos Islands,S1,1-Jan,15-Apr,304,165,469,1-Mar-15,,12562
TURKS AND CAICOS ISLANDS,Turks and Caicos Islands,S2,16-Apr,31-Dec,231,157,388,1-Mar-15,,12562
TUVALU,Tuvalu,S1,1-Jan,31-Dec,127,68,195,1-Jun-24,,11070
UGANDA,[Other],S1,1-Jan,31-Dec,69,43,112,1-Mar-19,18,11853
UGANDA,Entebbe,S1,1-Jan,31-Dec,172,73,245,1-Mar-19,18,12232
UGANDA,Fort Portal,S1,1-Jan,31-Dec,113,63,176,1-Feb-14,18,15002
UGANDA,Gulu,S1,1-Jan,31-Dec,69,43,112,1-Mar-19,18,15000
UGANDA,Jinja,S1,1-Jan,31-Dec,120,62,182,1-Mar-19,18,13912
UGANDA,Kampala,S1,1-Jan,31-Dec,250,70,320,1-Jul-24,18,10423
UGANDA,Mbale,S1,1-Jan,31-Dec,71,75,146,1-Jan-14,18,15003
UGANDA,Mbarara,S1,1-Jan,31-Dec,100,59,159,1-Mar-19,18,15004
UKRAINE,[Other],S1,1-Jan,31-Dec,140,97,237,1-May-08,,11785
UKRAINE,Kharkiv,S1,1-Jan,31-Dec,152,95,247,1-May-08,,12625
UKRAINE,Kyiv,S1,1-Jan,31-Dec,243,95,338,1-Feb-22,,10218
UNITED ARAB EMIRATES,[Other],S1,1-Jan,31-Dec,328,149,477,1-Jun-23,,11885
UNITED ARAB EMIRATES,Abu Dhabi,S1,1-Jan,31-Dec,328,149,477,1-Jun-23,,10368
UNITED ARAB EMIRATES,Dubai,S1,1-Jan,31-Dec,383,173,556,1-Mar-23,,10369
UNITED KINGDOM,[Other],S1,1-Jan,31-Dec,252,108,360,1-Jul-24,,11886
UNITED KINGDOM,Belfast,S1,1-Jan,31-Dec,194,103,297,1-Jan-24,,10220
UNITED KINGDOM,Birmingham,S1,1-Jan,31-Dec,162,71,233,1-Jan-24,,10221
UNITED KINGDOM,Bristol,S1,1-Jan,31-Dec,193,92,285,1-Jan-24,,10969
UNITED KINGDOM,Cambridge,S1,1-Jan,31-Dec,258,134,392,1-Jan-24,67,10499
UNITED KINGDOM,"Cardiff, Wales",S1,1-Jan,31-Dec,168,83,251,1-Jan-24,,12420
UNITED KINGDOM,Caversham,S1,1-Jan,31-Dec,220,122,342,1-Jan-24,,10504
UNITED KINGDOM,Cheltenham,S1,1-Jan,31-Dec,149,101,250,1-Jan-24,,10506
UNITED KINGDOM,Crawley,S1,1-Jan,31-Dec,363,178,541,1-Jan-24,13,11576
UNITED KINGDOM,Edinburgh,S1,1-Jul,31-Aug,629,159,788,1-Jan-24,,10222
UNITED KINGDOM,Edinburgh,S2,1-Sep,30-Jun,259,122,381,1-Jan-24,,10222
UNITED KINGDOM,Fairford,S1,1-Jan,31-Dec,168,87,255,1-Jan-24,,10976
UNITED KINGDOM,Gatwick,S1,1-Jan,31-Dec,170,121,291,1-Jan-24,,11550
UNITED KINGDOM,Glasgow,S1,1-Jan,31-Dec,240,119,359,1-Jul-24,,10223
UNITED KINGDOM,Harrogate,S1,1-Jan,31-Dec,113,98,211,1-Jan-24,,11553
UNITED KINGDOM,High Wycombe,S1,1-Jan,31-Dec,151,91,242,1-Jan-24,,11555
UNITED KINGDOM,Horley,S1,1-Jan,31-Dec,170,121,291,1-Jan-24,,11580
UNITED KINGDOM,Liverpool,S1,1-Jan,31-Dec,216,126,342,1-Jan-24,,12422
UNITED KINGDOM,London,S1,1-Jan,31-Dec,363,178,541,1-Jan-24,13,10219
UNITED KINGDOM,Loudwater,S1,1-Jan,31-Dec,141,99,240,1-Jan-24,,12124
UNITED KINGDOM,Manchester,S1,1-Jan,31-Dec,235,125,360,1-Jan-24,14,11582
UNITED KINGDOM,Menwith Hill,S1,1-Jan,31-Dec,113,98,211,1-Jan-24,,11554
UNITED KINGDOM,Oxford,S1,1-Jan,31-Dec,258,150,408,1-Jan-24,,12421
UNITED KINGDOM,Reading,S1,1-Jan,31-Dec,220,122,342,1-Jan-24,,11557
URUGUAY,[Other],S1,1-Jan,31-Dec,155,126,281,1-Aug-24,,11755
URUGUAY,Colonia,S1,1-Jan,31-Dec,190,129,319,1-Aug-24,,13384
URUGUAY,Montevideo,S1,1-Jan,31-Dec,155,126,281,1-Aug-24,,10098
URUGUAY,Punta del Este,S1,21-Apr,14-Dec,240,156,396,1-Aug-24,,11676
URUGUAY,Punta del Este,S2,15-Dec,20-Apr,303,162,465,1-Aug-24,,11676
UZBEKISTAN,[Other],S1,1-Jan,31-Dec,106,73,179,1-Apr-24,,11786
UZBEKISTAN,Tashkent,S1,1-Jan,31-Dec,144,120,264,1-Apr-24,,10227
VANUATU,[Other],S1,1-Jan,31-Dec,20,13,33,1-Sep-93,,11959
VANUATU,Port Vila,S1,1-Jan,31-Dec,176,119,295,1-May-17,,11707
VANUATU,Santos,S1,1-Jan,31-Dec,190,103,293,1-May-17,,11708
VANUATU,Tanna Island,S1,1-Jan,31-Dec,267,111,378,1-May-17,,11709
VENEZUELA,[Other],S1,1-Jan,31-Dec,278,206,484,1-Oct-14,1,11887
VENEZUELA,Barquisimeto,S1,1-Jan,31-Dec,209,101,310,1-Jun-24,1,13430
VENEZUELA,Caracas,S1,1-Jan,31-Dec,240,158,398,1-Jun-24,1,10099
VENEZUELA,Maracaibo,S1,1-Jan,31-Dec,276,287,563,1-Oct-14,1,10100
VENEZUELA,Porlamar,S1,1-Jan,31-Dec,232,124,356,1-Jun-24,1,13428
VENEZUELA,Puerto La Cruz,S1,1-Jan,31-Dec,278,206,484,1-Oct-14,1,13433
VENEZUELA,Puerto Ordaz,S1,1-Jan,31-Dec,261,114,375,1-Jun-24,1,13426
VENEZUELA,Punto Fijo,S1,1-Jan,31-Dec,241,231,472,1-Oct-14,1,13435
VENEZUELA,San Cristobal,S1,1-Jan,31-Dec,278,268,546,1-Oct-14,1,13434
VENEZUELA,Valencia,S1,1-Jan,31-Dec,249,256,505,1-Oct-14,1,13429
VIETNAM,[Other],S1,1-Jan,31-Dec,151,111,262,1-Jan-24,,11802
VIETNAM,Dalat,S1,1-Jan,31-Dec,155,107,262,1-Mar-23,,12729
VIETNAM,Danang,S1,1-Jan,31-Dec,161,102,263,1-Jun-24,,12730
VIETNAM,Hanoi,S1,1-Jan,31-Dec,243,112,355,1-Jun-24,,10314
VIETNAM,Ho Chi Minh City,S1,1-Jan,31-Dec,222,112,334,1-Mar-24,,12631
"VIRGIN ISLANDS, BRITISH","Virgin Islands, British",S1,15-Apr,14-Dec,138,100,238,1-Aug-10,,19017
"VIRGIN ISLANDS, BRITISH","Virgin Islands, British",S2,15-Dec,14-Apr,192,105,297,1-Aug-10,,19017
WALLIS AND FUTUNA,Wallis and Futuna,S1,1-Jan,31-Dec,73,64,137,1-Oct-93,,11710
YEMEN,[Other],S1,1-Jan,31-Dec,108,65,173,1-Mar-07,2,11820
YEMEN,Aden,S1,1-Jan,31-Dec,164,58,222,1-Sep-96,2,11600
YEMEN,Sanaa,S1,1-Jan,31-Dec,360,95,455,1-May-23,2,10370
ZAMBIA,[Other],S1,1-Jan,31-Dec,95,80,175,1-Mar-11,,11890
ZAMBIA,Chipata,S1,1-Jan,31-Dec,110,92,202,1-Jan-23,,91164
ZAMBIA,Kitwe,S1,1-Jan,31-Dec,139,122,261,1-Jan-23,,11503
ZAMBIA,Livingstone,S1,1-Jan,31-Dec,229,93,322,1-Jul-23,,11504
ZAMBIA,Lusaka,S1,1-Jan,31-Dec,220,135,355,1-Jan-23,,10430
ZAMBIA,Mfuwe,S1,1-Jan,31-Dec,119,101,220,1-Jan-23,,13117
ZAMBIA,Ndola,S1,1-Jan,31-Dec,139,114,253,1-Jan-23,,11505
ZAMBIA,Solwezi,S1,1-Jan,31-Dec,110,72,182,1-Jan-23,,91163
ZIMBABWE,[Other],S1,1-Jan,31-Dec,130,73,203,1-Jan-23,,11849
ZIMBABWE,Bulawayo,S1,1-Jan,31-Dec,195,75,270,1-Jan-23,,12074
ZIMBABWE,Harare,S1,1-Jan,31-Dec,192,103,295,1-Jan-23,,10417
ZIMBABWE,Victoria Falls,S1,1-Jan,31-Dec,199,95,294,1-Jan-23,,11507